"round.x","pick.x","timestamp","team","playerid","full_name","name","associated_round","associated_pick","associated_team","count_text","mean_sentiment","Count","Proportion","Mean","total_value_delta","row_count","pick.y","round.y","Direct_mentions","Indirect_mentions","avg_sentiment_direct_mentions","avg_sentiment_indirect_mentions","Direct_mention_binary","ID","player_id","position","player_game_count","percentage_games_played","grades_offense","raw_usage","usage_rate","raw_value_provided","year","draft_year","draft_team","draft_round","draft_pick","sum_raw_value_provided","expected_value","value_delta","team_name"
1,1,1587687900,"CIN","BurrJo01","Joe Burrow","J.Burrow",1,1,"CIN",3259,0.0404596219398822,6597,0.017716155,0.145045598,285.420521228312,292,1,1,463,2796,0.0925445652173913,0.0318007589447055,1,123,28022,"QB",10,0.63,75.1,472,47.2,46.94,2020,2020,"CIN",1,1,218.71,160.5873333,58.12266667,"CIN"
1,2,1587688380,"WAS","YounCh04","Chase Young","C.Young",1,2,"WAS",15533,0.0263247187357742,7335,0.019698044,0.108911643,176.091673153899,1545,2,1,369,15164,0.110240650406504,0.024261487206823,1,48,56436,"ED",15,0.94,87.2,770,51.33,81.75,2020,2020,"WAS",1,2,135.35,147.1052174,-11.75521739,"WAS"
1,3,1587688680,"DET","OkudJe00","Jeff Okudah","J.Okudah",1,3,"DET",4942,0.0662646592065107,14503,0.038947612,0.124482496,-160.354850014365,436,3,1,195,4747,0.0865619791666667,0.0654395299597713,1,120,55674,"CB",9,0.56,42.5,460,51.11,23.91,2020,2020,"DET",1,3,79.44,148.6714286,-69.23142857,"DET"
1,4,1587689280,"NYG","ThomAn02","Andrew Thomas","A.Thomas",1,4,"NYG",4268,0.0628075889700683,12490,0.033541727,0.126600401,-67.1940311004784,396,4,1,219,4049,0.221470642201835,0.0542141614906832,1,10,59701,"OL",16,1,62.4,978,61.13,62.4,2020,2020,"NYG",1,4,206.6,161.5617857,45.03821429,"NYG"
1,5,1587689700,"MIA","TagoTu00","Tua Tagovailoa","T.Tagovailoa",1,5,"MIA",4223,0.070613193617528,14079,0.037808965,0.123932132,-361.1980028972,391,5,1,686,3537,0.101387555555556,0.0647185584562997,1,230,60326,"QB",10,0.63,65.4,347,34.7,40.88,2020,2020,"MIA",1,5,155.74,160.5873333,-4.847333333,"MIA"
1,6,1587690120,"LAC","HerbJu00","Justin Herbert","J.Herbert",1,6,"LAC",4667,0.0868253399525146,7817,0.020992448,0.13591072,-16.1283021189337,485,6,1,430,4237,0.148356775700935,0.0805624494649227,1,151,28237,"QB",15,0.94,79.9,689,45.93,74.91,2020,2020,"LAC",1,6,243.51,160.5873333,82.92266667,"LAC"
1,7,1587690600,"CAR","BrowDe05","Derrick Brown","D.Brown",1,7,"CAR",3013,0.0831667,6452,0.017326759,0.12620506,-12.5775090935896,315,7,1,162,2851,0.147845962732919,0.079498731947869,1,77,43883,"DI",16,1,61,742,46.38,61,2020,2020,"CAR",1,7,206.01,168.1171429,37.89285714,"CAR"
1,8,1587690900,"ARI","SimmIs00","Isaiah Simmons","I.Simmons",1,8,"ARI",4716,0.0866588511637839,5532,0.014856112,0.138027594,-17.0626369047619,512,8,1,452,4264,0.11825548098434,0.0833246458923513,1,97,42451,"CB",17,1,67.9,897,52.76,67.9,2022,2020,"ARI",1,8,178.8,148.6714286,30.12857143,"ARI"
1,9,1587691380,"JAX","HendCJ00","C.J. Henderson","C.Henderson",1,9,"JAX",2470,0.0486362336601307,6713,0.018027671,0.117975776,-74.4143932140196,259,9,1,97,2373,0.0776010526315789,0.0474668083297918,1,NA,NA,NA,NA,NA,NA,NA,NA,NA,NA,NA,NA,NA,NA,NA,NA,NA,NA
1,10,1587691620,"CLE","WillJe04","Jedrick Wills Jr.","J.Jr.",1,10,"CLE",4691,0.0854094809094809,12133,0.032583008,0.112528068,NA,449,10,1,177,4514,0.150345142857143,0.0828768887898373,1,118,58467,"OL",15,0.94,61.5,957,63.8,57.66,2020,2020,"CLV",1,10,171.11,161.5617857,9.548214286,"CLV"
1,11,1587692100,"NYJ","BectMe00","Mekhi Becton","M.Becton",1,11,"NYJ",3320,0.0617392109256449,14679,0.039420257,0.113141363,-396.429360420281,375,11,1,216,3104,0.0700577464788732,0.061164308890331,1,191,59818,"OL",14,0.88,74.4,691,49.36,65.1,2020,2020,"NYJ",1,11,69.06,161.5617857,-92.50178571,"NYJ"
1,12,1587692400,"LV","RuggHe00","Henry Ruggs III","H.III",1,12,"LV",6393,0.0686939322301025,11083,0.029763248,0.107186085,-175.015906641604,667,12,1,452,5941,0.142508203991131,0.0630457753647777,1,93,61102,"WR",13,0.81,54,366,28.15,43.88,2020,2020,"LV",1,12,74.1,143.7833333,-69.68333333,"LV"
1,13,1587693000,"TB","WirfTr00","Tristan Wirfs","T.Wirfs",1,13,"TB",4954,0.093290197274761,5184,0.013921562,0.114079188,-127.933923367912,431,13,1,283,4671,0.0595230496453901,0.0953446386192017,1,227,64818,"OL",16,1,81.8,1073,67.06,81.8,2020,2020,"TB",1,13,230.48,161.5617857,68.91821429,"TB"
1,14,1587693540,"SF","KinlJa00","Javon Kinlaw","J.Kinlaw",1,14,"SF",3416,0.0545201176470588,16341,0.043883536,0.113882776,55.8473650793651,403,14,1,164,3252,0.112098148148148,0.0516394379246448,1,115,56834,"DI",14,0.88,54.1,547,39.07,47.34,2020,2020,"SF",1,14,74.55,168.1171429,-93.56714286,"SF"
1,15,1587693840,"DEN","JeudJe00","Jerry Jeudy","J.Jeudy",1,15,"DEN",5456,0.0834377830970355,10740,0.028842126,0.129802805,-187.268660664202,581,15,1,423,5033,0.112103562945368,0.0810289421157685,1,122,61103,"WR",16,1,65.2,545,34.06,65.2,2020,2020,"DEN",1,15,174.79,143.7833333,31.00666667,"DEN"
1,16,1587694380,"ATL","TerrAJ00","AJ Terrell","A.Terrell",1,16,"ATL",3341,0.0834040988547318,7940,0.021322763,0.078852919,-105.564194139194,341,16,1,70,3271,0.137586956521739,0.0822534010464758,1,NA,NA,NA,NA,NA,NA,NA,NA,NA,NA,NA,NA,NA,NA,NA,NA,NA,NA
1,17,1587694740,"DAL","LambCe00","CeeDee Lamb","C.Lamb",1,17,"DAL",5835,0.0297272397721388,13812,0.03709194,0.111480222,34.4176474358975,753,17,1,485,5350,0.0306720833333333,0.0296418784114436,1,42,61570,"WR",16,1,71.6,539,33.69,71.6,2020,2020,"DAL",1,17,237.24,143.7833333,93.45666667,"DAL"
1,18,1587695280,"MIA","JackAu00","Austin Jackson","A.Jackson",1,18,"MIA",2720,0.0937778108711839,14079,0.037808965,0.123932132,-361.1980028972,284,18,1,95,2625,0.173051086956522,0.090966268311488,1,19,60816,"OL",13,0.81,52.5,848,65.23,42.66,2020,2020,"MIA",1,18,96.43,161.5617857,-65.13178571,"MIA"
1,19,1587695580,"LV","ArneDa00","Damon Arnette","D.Arnette",1,19,"LV",4580,0.0927793406593407,11083,0.029763248,0.107186085,-175.015906641604,402,19,1,87,4493,0.195081176470588,0.0908318253079507,1,63,28080,"CB",9,0.56,41.7,343,38.11,23.46,2020,2020,"LV",1,19,31.2,148.6714286,-117.4714286,"LV"
1,20,1587696060,"JAX","ChaiKL00","K'Lavon Chaisson","K.Chaisson",1,20,"JAX",2824,0.11145464617584,6713,0.018027671,0.117975776,-74.4143932140196,271,20,1,61,2763,0.0654948275862069,0.112427518248175,1,158,57945,"ED",16,1,49.6,569,35.56,49.6,2020,2020,"JAX",1,20,122.73,147.1052174,-24.37521739,"JAX"
1,21,1587696420,"PHI","ReagJa00","Jalen Reagor","J.Reagor",1,21,"PHI",4633,0.0938532187907786,35223,0.094590893,0.058375155,0.979119876898174,467,21,1,252,4381,0.175307171314741,0.0891499884978146,1,108,61697,"WR",11,0.69,64,321,29.18,44,2020,2020,"PHI",1,21,156.46,143.7833333,12.67666667,"PHI"
1,22,1587696900,"MIN","JeffJu00","Justin Jefferson","J.Jefferson",1,22,"MIN",3013,0.0853883378016086,21534,0.057829268,0.114465213,-107.72040452278,324,22,1,152,2861,0.121018666666667,0.0835024700070572,1,153,61398,"WR",16,1,90.4,563,35.19,90.4,2020,2020,"MIN",1,22,270.9,143.7833333,127.1166667,"MIN"
1,23,1587697200,"LAC","MurrKe00","Kenneth Murray","K.Murray",1,23,"LAC",4815,0.111254046121593,7817,0.020992448,0.13591072,-16.1283021189337,483,23,1,178,4637,0.140204571428571,0.11015146898803,1,NA,NA,NA,NA,NA,NA,NA,NA,NA,NA,NA,NA,NA,NA,NA,NA,NA,NA
1,24,1587697740,"NO","RuizCe00","Cesar Ruiz","C.Ruiz",1,24,"NO",3141,0.0762089743589744,6684,0.017949792,0.102622322,-20.479768907563,339,24,1,122,3019,0.074655737704918,0.0762721814543029,1,43,59857,"OL",14,0.88,58.6,744,53.14,51.28,2020,2020,"NO",1,24,155.49,161.5617857,-6.071785714,"NO"
1,25,1587698100,"SF","AiyuBr00","Brandon Aiyuk","B.Aiyuk",1,25,"SF",5075,0.0987331212723658,16341,0.043883536,0.113882776,55.8473650793651,472,25,1,144,4931,0.172192907801418,0.0966145223972183,1,26,84109,"WR",12,0.75,80.1,455,37.92,60.08,2020,2020,"SF",1,25,214.78,143.7833333,70.99666667,"SF"
1,26,1587698640,"GB","LoveJo03","Jordan Love","J.Love",1,26,"GB",6885,0.0594728310168252,33965,0.091212551,0.104027848,-83.8543627329192,838,26,1,610,6275,0.48248498349835,0.0183192968373736,1,142,40306,"QB",4,0.24,36.2,73,18.25,8.52,2021,2020,"GB",1,26,27.04,160.5873333,-133.5473333,"GB"
1,27,1587699240,"SEA","BrooJo01","Jordyn Brooks","J.Brooks",1,27,"SEA",4481,0.100938475376658,13602,0.036527988,0.106199573,72.7584269974092,462,27,1,58,4423,0.127491071428571,0.100599840583011,1,143,50851,"LB",14,0.88,47.6,367,26.21,41.65,2020,2020,"SEA",1,27,149.74,133.9081818,15.83181818,"SEA"
1,28,1587699720,"BAL","QueePa00","Patrick Queen","P.Queen",1,28,"BAL",3303,0.108882906764168,12762,0.034272179,0.109538109,118.904415526424,368,28,1,196,3107,0.108822564102564,0.108886718496923,1,200,57941,"LB",16,1,29.7,858,53.63,29.7,2020,2020,"BAL",1,28,143.2,133.9081818,9.291818182,"BAL"
1,29,1587700080,"TEN","WilsIs00","Isaiah Wilson","I.Wilson",1,29,"TEN",4927,0.105002651048089,4841,0.01300044,0.108463721,-515.629858058608,563,29,1,69,4858,0.116262686567164,0.104845446968118,1,98,59704,"OL",1,0.06,60,3,3,3.75,2020,2020,"TEN",1,29,3.75,161.5617857,-157.8117857,"TEN"
1,30,1587700680,"MIA","IgbiNo00","Noah Igbinoghene","N.Igbinoghene",1,30,"MIA",35196,0.160622031753336,14079,0.037808965,0.123932132,-361.1980028972,3677,30,1,101,35095,0.217729292929293,0.160458957570164,1,199,61155,"CB",10,0.63,37.1,286,28.6,23.19,2020,2020,"MIA",1,30,53.73,148.6714286,-94.94142857,"MIA"
1,31,1587614520,"MIN","GladJe00","Jeff Gladney","J.Gladney",NA,NA,NA,NA,NA,NA,NA,NA,NA,NA,NA,NA,NA,NA,NA,NA,NA,119,50471,"CB",16,1,50.1,958,59.88,50.1,2020,2020,"MIN",1,31,50.1,148.6714286,-98.57142857,"MIN"
1,32,1587615000,"KC","EdwaCl00","Clyde Edwards-Helaire","C.Edwards-Helaire",NA,NA,NA,NA,NA,NA,NA,NA,NA,NA,NA,NA,NA,NA,NA,NA,NA,53,57279,"HB",13,0.81,75.3,217,16.69,61.18,2020,2020,"KC",1,32,138.76,173.7714286,-35.01142857,"KC"
2,33,1587770160,"CIN","HiggTe00","Tee Higgins","T.Higgins",2,33,"CIN",789,0.057348152866242,6597,0.017716155,0.145045598,285.420521228312,74,33,2,106,683,0.113547619047619,0.0486702941176471,1,220,61211,"WR",16,1,75.9,527,32.94,75.9,2020,2020,"CIN",2,33,218.05,162.5115789,55.53842105,"CIN"
2,34,1587770340,"IND","PittMi01","Michael Pittman Jr.","M.Jr.",2,34,"IND",1511,0.108947176079734,9313,0.025009936,0.130396679,46.863755118076,150,34,2,119,1392,0.123382203389831,0.107719105984138,1,193,29049,"WR",13,0.81,62.6,385,29.62,50.86,2020,2020,"IND",2,34,195.31,162.5115789,32.79842105,"IND"
2,35,1587770640,"DET","SwifDA00","D'Andre Swift","D.Swift",2,35,"DET",2529,0.11514371257485,14503,0.038947612,0.124482496,-160.354850014365,214,35,2,231,2298,0.189061333333333,0.107849210526316,1,60,57212,"HB",13,0.81,69.4,160,12.31,56.39,2020,2020,"DET",2,35,165.06,156.4633333,8.596666667,"DET"
2,36,1587771060,"NYG","McKiXa00","Xavier McKinney","X.McKinney",2,36,"NYG",718,0.0827165963431786,12490,0.033541727,0.126600401,-67.1940311004784,72,36,2,26,692,0.0634269230769231,0.0834487591240876,1,239,55775,"S",6,0.38,70,211,35.17,26.25,2020,2020,"NYG",2,36,132.25,125.2286364,7.021363636,"NYG"
2,37,1587771180,"NE","DuggKy00","Kyle Dugger","K.Dugger",2,37,"NE",972,0.106978445595855,18402,0.049418324,0.096257174,-139.742911266683,85,37,2,22,950,-0.067852380952381,0.110867690677966,1,172,90621,"S",14,0.88,64.1,520,37.14,56.09,2020,2020,"NE",2,37,188.62,125.2286364,63.39136364,"NE"
2,38,1587771300,"CAR","GrosYe00","Yetur Gross-Matos","Y.Gross-Matos",2,38,"CAR",3504,0.044632140796307,6452,0.017326759,0.12620506,-12.5775090935896,317,38,2,14,3490,0.0555769230769231,0.0445909354184767,1,240,56444,"ED",12,0.75,54.7,377,31.42,41.03,2020,2020,"CAR",2,38,144.77,119.8536842,24.91631579,"CAR"
2,39,1587771780,"MIA","HuntRo01","Robert Hunt","R.Hunt",2,39,"MIA",757,0.11808828229028,14079,0.037808965,0.123932132,-361.1980028972,66,39,2,28,729,0.189992857142857,0.115303596127248,1,207,46139,"OL",16,1,66,722,45.13,66,2020,2020,"MIA",2,39,207.1,149.0159259,58.08407407,"MIA"
2,40,1587771900,"HOU","BlacRo00","Ross Blacklock","R.Blacklock",2,40,"HOU",1134,0.0965750223015165,5066,0.013604675,0.09754653,-7.01889102564104,83,40,2,46,1088,0.0544978260869565,0.0983755348837209,1,209,44526,"DI",15,0.94,30.2,254,16.93,28.31,2020,2020,"HOU",2,40,99.84,149.3153846,-49.47538462,"HOU"
2,41,1587772080,"IND","TaylJo02","Jonathan Taylor","J.Taylor",2,41,"IND",3186,0.11920022172949,9313,0.025009936,0.130396679,46.863755118076,259,41,2,181,3005,0.171611235955056,0.116068580060423,1,135,57488,"HB",15,0.94,83.9,268,17.87,78.66,2020,2020,"IND",2,41,209.5,156.4633333,53.03666667,"IND"
2,42,1587772560,"JAX","ShenLa00","Laviska Shenault Jr.","L.Jr.",2,42,"JAX",1745,0.00846564310544612,6713,0.018027671,0.117975776,-74.4143932140196,173,42,2,48,1697,0.019195652173913,0.00817184523809524,1,178,61220,"WR",14,0.88,71.5,392,28,62.56,2020,2020,"JAX",2,42,182.51,162.5115789,19.99842105,"JAX"
2,43,1587772800,"CHI","KmetCo00","Cole Kmet","C.Kmet",2,43,"CHI",2642,0.0758609523809524,12731,0.034188929,0.117120924,16.7361562881563,231,43,2,107,2535,0.0988943925233645,0.0748821683876092,1,55,60995,"TE",16,1,58.7,326,20.38,58.7,2020,2020,"CHI",2,43,189.7,152.885,36.815,"CHI"
2,44,1587773160,"CLE","DelpGr00","Grant Delpit","G.Delpit",2,44,"CLE",1116,0.0723042649727768,12133,0.032583008,0.112528068,NA,108,44,2,71,1045,0.00160571428571429,0.0770997093023256,1,89,60685,"S",15,0.88,63.3,599,39.93,55.85,2021,2020,"CLV",2,44,119.45,125.2286364,-5.778636364,"CLV"
2,45,1587773340,"TB","WinfAn00","Antoine Winfield Jr.","A.Jr.",2,45,"TB",1226,0.123924590163934,5184,0.013921562,0.114079188,-127.933923367912,94,45,2,74,1152,0.102582432432432,0.125302705061082,1,14,42475,"S",16,1,67.1,1034,64.63,67.1,2020,2020,"TB",2,45,192.43,125.2286364,67.20136364,"TB"
2,46,1587773520,"DEN","HamlKJ00","KJ Hamler","K.Hamler",2,46,"DEN",2863,0.114058444757213,10740,0.028842126,0.129802805,-187.268660664202,220,46,2,71,2792,-0.00395352112676056,0.117082208588957,1,170,61590,"WR",13,0.81,55.9,351,27,45.42,2020,2020,"DEN",2,46,80.64,162.5115789,-81.87157895,"DEN"
2,47,1587773880,"ATL","DaviMa01","Marlon Davidson","M.Davidson",2,47,"ATL",1383,0.0934876732312181,7940,0.021322763,0.078852919,-105.564194139194,122,47,2,19,1364,0.178441176470588,0.0924210487444609,1,187,48741,"DI",8,0.5,58.1,132,16.5,29.05,2020,2020,"ATL",2,47,64.7,149.3153846,-84.61538462,"ATL"
2,48,1587774060,"SEA","TaylDa00","Darrell Taylor","D.Taylor",2,48,"SEA",2134,0.111815894039735,13602,0.036527988,0.106199573,72.7584269974092,171,48,2,38,2096,0.255130555555556,0.109333060635226,1,69,36001,"ED",16,0.94,57.6,545,34.06,54.21,2021,2020,"SEA",2,48,108.8,119.8536842,-11.05368421,"SEA"
2,49,1587774360,"PIT","ClayCh01","Chase Claypool","C.Claypool",2,49,"PIT",1382,0.110345507669832,7495,0.020127722,0.12302311,40.7249343127633,129,49,2,76,1306,0.125594736842105,0.109449187935035,1,47,42312,"WR",16,1,75.6,474,29.63,75.6,2020,2020,"PIT",2,49,189.87,162.5115789,27.35842105,"PIT"
2,50,1587774540,"CHI","JohnJa13","Jaylon Johnson","J.Johnson",2,50,"CHI",2975,0.118383372921615,12731,0.034188929,0.117120924,16.7361562881563,230,50,2,88,2887,0.239926136363636,0.114642287513116,1,117,56259,"CB",13,0.81,54.9,867,66.69,44.61,2020,2020,"CHI",2,50,141.96,108.3988462,33.56115385,"CHI"
2,51,1587774960,"DAL","DiggTr00","Trevon Diggs","T.Diggs",2,51,"DAL",1269,0.0641170246618934,13812,0.03709194,0.111480222,34.4176474358975,119,51,2,66,1203,0.0603953846153846,0.064319966442953,1,224,41817,"CB",12,0.75,62.7,758,63.17,47.03,2020,2020,"DAL",2,51,170.02,108.3988462,61.62115385,"DAL"
2,52,1587775140,"LA","AkerCa00","Cam Akers","C.Akers",2,52,"LA",1063,0.0600396226415094,3476,0.009334751,0.13010574,NA,103,52,2,52,1011,0.144405769230769,0.0556874007936508,1,34,57206,"HB",13,0.81,68.4,156,12,55.58,2020,2020,"LAR",2,52,129.8,156.4633333,-26.66333333,"LAR"
2,53,1587775260,"PHI","HurtJa00","Jalen Hurts","J.Hurts",2,53,"PHI",3568,0.00460932466798531,35223,0.094590893,0.058375155,0.979119876898174,388,53,2,329,3239,-0.20079756097561,0.0255914045468701,1,107,40291,"QB",10,0.63,56.2,197,19.7,35.13,2020,2020,"PHI",2,53,182.21,72.215,109.995,"PHI"
2,54,1587775620,"BUF","EpenAJ00","A.J. Epenesa","A.Epenesa",2,54,"BUF",3628,0.0620416157690172,7532,0.020227085,0.117431424,243.938085741026,372,54,2,104,3524,0.120579807692308,0.0603012006861063,1,1,56369,"ED",14,0.88,64.7,291,20.79,56.61,2020,2020,"BUF",2,54,158.77,119.8536842,38.91631579,"BUF"
2,55,1587776040,"BAL","DobbJK00","J.K. Dobbins","J.Dobbins",2,55,"BAL",1557,0.060415329419439,12762,0.034272179,0.109538109,118.904415526424,148,55,2,76,1481,0.0633039473684211,0.0602646533973919,1,99,57366,"HB",15,0.94,71.5,152,10.13,67.03,2020,2020,"BAL",2,55,102.89,156.4633333,-53.57333333,"BAL"
2,56,1587776220,"MIA","DaviRa03","Raekwon Davis","R.Davis",2,56,"MIA",3199,0.0916748348537276,14079,0.037808965,0.123932132,-361.1980028972,300,56,2,60,3139,0.02285,0.0929988137223469,1,205,44582,"DI",16,1,71.1,538,33.63,71.1,2020,2020,"MIA",2,56,142.01,149.3153846,-7.305384615,"MIA"
2,57,1587776640,"LA","JeffVa00","Van Jefferson","V.Jefferson",2,57,"LA",839,0.0511177322074789,3476,0.009334751,0.13010574,NA,82,57,2,40,799,0.151894871794872,0.0461426582278481,1,237,47447,"WR",15,0.94,67.1,159,10.6,62.91,2020,2020,"LAR",2,57,166.97,162.5115789,4.458421053,"LAR"
2,58,1587776760,"MIN","ClevEz00","Ezra Cleveland","E.Cleveland",2,58,"MIN",3597,0.0861746000561325,21534,0.057829268,0.114465213,-107.72040452278,343,58,2,119,3478,0.0518839285714286,0.0872874818893074,1,86,41973,"OL",9,0.56,66.2,622,69.11,37.24,2020,2020,"MIN",2,58,179.34,149.0159259,30.32407407,"MIN"
2,59,1587777240,"NYJ","MimsDe00","Denzel Mims","D.Mims",2,59,"NYJ",1622,0.061157701863354,14679,0.039420257,0.113141363,-396.429360420281,192,59,2,125,1497,0.028490243902439,0.0638598520511096,1,75,47800,"WR",9,0.56,69.4,264,29.33,39.04,2020,2020,"NYJ",2,59,105.73,162.5115789,-56.78157895,"NYJ"
2,60,1587777420,"NE","UcheJo00","Josh Uche","J.Uche",2,60,"NE",2793,0.084255571583123,18402,0.049418324,0.096257174,-139.742911266683,266,60,2,121,2672,0.096791452991453,0.0837033509036145,1,145,27379,"ED",9,0.56,77.6,179,19.89,43.65,2020,2020,"NE",2,60,159.96,119.8536842,40.10631579,"NE"
2,61,1587777780,"TEN","FultKr00","Kristian Fulton","K.Fulton",2,61,"TEN",1322,0.0740421983089931,4841,0.01300044,0.108463721,-515.629858058608,125,61,2,53,1269,0.0536117647058824,0.07487576,1,171,42894,"CB",6,0.38,57.6,203,33.83,21.6,2020,2020,"TEN",2,61,113.43,108.3988462,5.031153846,"TEN"
2,62,1587777960,"GB","DillAJ00","AJ Dillon","A.Dillon",2,62,"GB",3061,0.0644821416803954,33965,0.091212551,0.104027848,-83.8543627329192,334,62,2,73,2988,0.0806178082191781,0.0640844699527346,1,3,57165,"HB",9,0.56,81.4,48,5.33,45.79,2020,2020,"GB",2,62,213.89,156.4633333,57.42666667,"GB"
2,63,1587778320,"KC","GayJWi00","Willie Gay Jr.","W.Jr.",2,63,"KC",2859,0.083076447740113,6595,0.017710784,0.130861524,42.8800783564262,271,63,2,114,2745,0.0513871559633028,0.0843449504223283,1,NA,NA,NA,NA,NA,NA,NA,NA,NA,NA,NA,NA,NA,NA,NA,NA,NA,NA
2,64,1587778680,"CAR","ChinJe00","Jeremy Chinn","J.Chinn",2,64,"CAR",829,0.104123422330097,6452,0.017326759,0.12620506,-12.5775090935896,84,64,2,30,799,0.05832,0.1058540302267,1,121,43179,"S",15,0.94,59,967,64.47,55.31,2020,2020,"CAR",2,64,158.03,125.2286364,32.80136364,"CAR"
3,65,1587778800,"CIN","WilsLo00","Logan Wilson","L.Wilson",3,65,"CIN",807,0.0887483709273183,6597,0.017716155,0.145045598,285.420521228312,70,65,3,30,777,0.168748275862069,0.0857314694408323,1,182,29623,"LB",12,0.75,54.7,343,28.58,41.03,2020,2020,"CIN",3,65,146.4,105.2694118,41.13058824,"CIN"
3,66,1587778920,"WAS","GibsAn00","Antonio Gibson","A.Gibson",3,66,"WAS",2206,0.106604200913242,7335,0.019698044,0.108911643,176.091673153899,188,66,3,39,2167,0.0879771428571429,0.106906728538283,1,16,78050,"HB",14,0.88,80.9,206,14.71,70.79,2020,2020,"WAS",3,66,197.69,149.23875,48.45125,"WAS"
3,67,1587779220,"DET","OkwaJu00","Julian Okwara","J.Okwara",3,67,"DET",1125,0.117055903398927,14503,0.038947612,0.124482496,-160.354850014365,108,67,3,39,1086,0.157991666666667,0.115693900184843,1,150,44152,"ED",6,0.38,35.5,69,11.5,13.31,2020,2020,"DET",3,67,92.55,117.7219231,-25.17192308,"DET"
3,68,1587779400,"NYJ","DaviAs00","Ashtyn Davis","A.Davis",3,68,"NYJ",834,0.131468599033816,14679,0.039420257,0.113141363,-396.429360420281,105,68,3,23,811,0.246172727272727,0.128337717121588,1,18,49560,"S",8,0.5,53,402,50.25,26.5,2020,2020,"NYJ",3,68,90.67,132.52,-41.85,"NYJ"
3,69,1587779520,"SEA","LewiDa05","Damien Lewis","D.Lewis",3,69,"SEA",2437,0.148372512437811,13602,0.036527988,0.106199573,72.7584269974092,195,69,3,50,2387,0.136081632653061,0.148627380448582,1,62,81532,"OL",16,1,70.2,967,60.44,70.2,2020,2020,"SEA",3,69,181.44,101.7233333,79.71666667,"SEA"
3,70,1587779880,"MIA","JoneBr06","Brandon Jones","B.Jones",3,70,"MIA",704,0.150004285714286,14079,0.037808965,0.123932132,-361.1980028972,54,70,3,41,663,0.0985875,0.153120454545455,1,27,43049,"S",16,1,60.8,385,24.06,60.8,2020,2020,"MIA",3,70,133.08,132.52,0.56,"MIA"
3,71,1587780000,"BAL","MaduJu00","Justin Madubuike","J.Madubuike",3,71,"BAL",733,0.121264325068871,12762,0.034272179,0.109538109,118.904415526424,55,71,3,10,723,0.137033333333333,0.121066387726639,1,154,44304,"DI",10,0.63,72.1,259,25.9,45.06,2020,2020,"BAL",3,71,158.6,118.0138462,40.58615385,"BAL"
3,72,1587780120,"ARI","JoneJo07","Josh Jones","J.Jones",3,72,"ARI",2936,0.105459301521438,5532,0.014856112,0.138027594,-17.0626369047619,296,72,3,146,2790,0.0987551724137931,0.105813178012377,1,83,26634,"OL",9,0.56,43,54,6,24.19,2020,2020,"ARI",3,72,126.1,101.7233333,24.37666667,"ARI"
3,73,1587780600,"JAX","HamiDa02","DaVon Hamilton","D.Hamilton",3,73,"JAX",754,0.0997556,6713,0.018027671,0.117975776,-74.4143932140196,58,73,3,5,749,-0.08555,0.100749195710456,1,72,28072,"DI",11,0.69,53.9,408,37.09,37.06,2020,2020,"JAX",3,73,161.65,118.0138462,43.63615385,"JAX"
3,74,1587780720,"NO","BaunZa00","Zack Baun","Z.Baun",3,74,"NO",1074,0.0884481167608286,6684,0.017949792,0.102622322,-20.479768907563,111,74,3,78,996,0.0990961538461538,0.0876040650406504,1,241,34632,"LB",12,0.75,62,82,6.83,46.5,2020,2020,"NO",3,74,90.86,105.2694118,-14.40941176,"NO"
3,75,1587780900,"DET","JackJo03","Jonah Jackson","J.Jackson",3,75,"DET",682,0.126433677991137,14503,0.038947612,0.124482496,-160.354850014365,60,75,3,9,673,-0.136225,0.129574588938715,1,130,37070,"OL",16,1,57,1006,62.88,57,2020,2020,"DET",3,75,172.77,101.7233333,71.04666667,"DET"
3,76,1587781020,"TB","VaugKe00","Ke'Shawn Vaughn","K.Vaughn",3,76,"TB",1722,0.127150942285041,5184,0.013921562,0.114079188,-127.933923367912,164,76,3,15,1707,0.185114285714286,0.12666906175772,1,162,45866,"HB",7,0.44,59.9,31,4.43,26.21,2020,2020,"TB",3,76,68.03,149.23875,-81.20875,"TB"
3,77,1587781320,"DEN","OjemMi00","Michael Ojemudia","M.Ojemudia",3,77,"DEN",2506,0.127968737394111,10740,0.028842126,0.129802805,-187.268660664202,237,77,3,10,2496,0.134666666666667,0.127944331983806,1,192,50327,"CB",14,0.88,48.7,852,60.86,42.61,2020,2020,"DEN",3,77,58.81,103.0045,-44.1945,"DEN"
3,78,1587780900,"ATL","HennMa00","Matt Hennessy","M.Hennessy",NA,NA,NA,NA,NA,NA,NA,NA,NA,NA,NA,NA,NA,NA,NA,NA,NA,188,41141,"OL",9,0.56,47,225,25,26.44,2020,2020,"ATL",3,78,116.15,101.7233333,14.42666667,"ATL"
3,79,1587781800,"NYJ","ZuniJa00","Jabari Zuniga","J.Zuniga",3,79,"NYJ",926,0.133077090119435,14679,0.039420257,0.113141363,-396.429360420281,76,79,3,17,909,0.02626875,0.134965414364641,1,100,26449,"ED",8,0.5,33,103,12.88,16.5,2020,2020,"NYJ",3,79,29.08,117.7219231,-88.64192308,"NYJ"
3,80,1587781980,"LV","BowdLy00","Lynn Bowden Jr.","L.Jr.",3,80,"LV",882,0.105407249712313,11083,0.029763248,0.107186085,-175.015906641604,79,80,3,36,846,0.0498857142857143,0.107737290167866,1,NA,NA,NA,NA,NA,NA,NA,NA,NA,NA,NA,NA,NA,NA,NA,NA,NA,NA
3,81,1587782160,"LV","EdwaBr01","Bryan Edwards","B.Edwards",3,81,"LV",682,0.113360863095238,11083,0.029763248,0.107186085,-175.015906641604,58,81,3,18,664,0.0264722222222222,0.115752293577982,1,30,28486,"WR",11,0.69,69.5,143,13,47.78,2020,2020,"LV",3,81,128.71,133.1878947,-4.477894737,"LV"
3,82,1587782280,"DAL","GallNe00","Neville Gallimore","N.Gallimore",3,82,"DAL",2023,0.121863541147132,13812,0.03709194,0.111480222,34.4176474358975,175,82,3,40,1983,0.144735,0.12139796437659,1,197,28094,"DI",14,0.88,52.1,416,29.71,45.59,2020,2020,"DAL",3,82,94.63,118.0138462,-23.38384615,"DAL"
3,83,1587782640,"DEN","CushLl00","Lloyd Cushenberry III","L.III",3,83,"DEN",909,0.124323145071982,10740,0.028842126,0.129802805,-187.268660664202,88,83,3,20,889,0.215525,0.122257417893545,1,180,41924,"OL",16,1,40.5,1076,67.25,40.5,2020,2020,"DEN",3,83,127.37,101.7233333,25.64666667,"DEN"
3,84,1587782820,"LA","LewiTe00","Terrell Lewis","T.Lewis",3,84,"LA",630,0.116656618819777,3476,0.009334751,0.13010574,NA,54,84,3,13,617,0.0556615384615385,0.117948045602606,1,222,42845,"ED",8,0.5,70.4,124,15.5,35.2,2020,2020,"LAR",3,84,97.25,117.7219231,-20.47192308,"LAR"
3,85,1587782940,"IND","BlacJu01","Julian Blackmon","J.Blackmon",3,85,"IND",874,0.144453341013825,9313,0.025009936,0.130396679,46.863755118076,84,85,3,11,863,0.00649,0.146061305361305,1,149,49434,"S",15,0.94,60.8,916,61.07,57,2020,2020,"IND",3,85,129.73,132.52,-2.79,"IND"
3,86,1587783120,"BUF","MossZa00","Zack Moss","Z.Moss",3,86,"BUF",792,0.133537979539642,7532,0.020227085,0.117431424,243.938085741026,59,86,3,36,756,0.0756805555555556,0.136330026809651,1,242,40341,"HB",13,0.81,72.3,126,9.69,58.74,2020,2020,"BUF",3,86,164.57,149.23875,15.33125,"BUF"
3,87,1587783300,"NE","JennAn00","Anfernee Jennings","A.Jennings",3,87,"NE",2545,0.12325790513834,18402,0.049418324,0.096257174,-139.742911266683,215,87,3,25,2520,0.0573739130434783,0.123862345432788,1,11,25449,"ED",16,0.94,64.7,344,21.5,60.89,2022,2020,"NE",3,87,105.25,117.7219231,-12.47192308,"NE"
3,88,1587783840,"CLE","ElliJo02","Jordan Elliott","J.Elliott",3,88,"CLE",600,0.103978378378378,12133,0.032583008,0.112528068,NA,49,88,3,8,592,0.262285714285714,0.102084102564103,1,136,56734,"DI",16,1,55.3,307,19.19,55.3,2020,2020,"CLV",3,88,134.85,118.0138462,16.83615385,"CLV"
3,89,1587783960,"MIN","DantCa00","Cameron Dantzler","C.Dantzler",3,89,"MIN",566,0.108677442273535,21534,0.057829268,0.114465213,-107.72040452278,40,89,3,23,543,0.179904347826087,0.105643703703704,1,36,42472,"CB",11,0.69,70.9,601,54.64,48.74,2020,2020,"MIN",3,89,142.3,103.0045,39.2955,"MIN"
3,90,1587784080,"HOU","GreeJo04","Jonathan Greenard","J.Greenard",3,90,"HOU",618,0.064760883797054,5066,0.013604675,0.09754653,-7.01889102564104,45,90,3,8,610,0.0293875,0.0652301824212272,1,133,48407,"ED",12,0.75,51.9,265,22.08,38.93,2020,2020,"HOU",3,90,127.29,117.7219231,9.568076923,"HOU"
3,91,1587784200,"NE","AsiaDe00","Devin Asiasi","D.Asiasi",3,91,"NE",1719,0.101924176470588,18402,0.049418324,0.096257174,-139.742911266683,154,91,3,25,1694,0.159495833333333,0.101099761336516,1,78,40294,"TE",9,0.56,51.6,109,12.11,29.03,2020,2020,"NE",3,91,50.49,134.0185714,-83.52857143,"NE"
3,92,1587784500,"BAL","DuveDe00","Devin Duvernay","D.Duvernay",3,92,"BAL",2393,0.102018601694915,12762,0.034272179,0.109538109,118.904415526424,221,92,3,77,2316,0.102855263157895,0.101990761821366,1,79,40006,"WR",16,1,60.5,202,12.63,60.5,2020,2020,"BAL",3,92,168.26,133.1878947,35.07210526,"BAL"
3,93,1587784980,"TEN","EvanDa02","Darrynton Evans","D.Evans",3,93,"TEN",556,0.113425457875458,4841,0.01300044,0.108463721,-515.629858058608,48,93,3,2,554,0.21075,0.113067647058824,1,70,40692,"HB",5,0.31,57.8,16,3.2,18.06,2020,2020,"TEN",3,93,34.39,149.23875,-114.84875,"TEN"
3,94,1587785100,"GB","DeguJo00","Josiah Deguara","J.Deguara",3,94,"GB",1531,0.11508700265252,33965,0.091212551,0.104027848,-83.8543627329192,160,94,3,14,1517,0.148585714285714,0.114773092369478,1,147,47034,"TE",2,0.13,56.6,8,4,7.08,2020,2020,"GB",3,94,118.87,134.0185714,-15.14857143,"GB"
3,95,1587785400,"DEN","AgimMc00","McTelvin Agim","M.Agim",3,95,"DEN",604,0.113932608695652,10740,0.028842126,0.129802805,-187.268660664202,41,95,3,7,597,-0.0912428571428571,0.116362774957699,1,190,43069,"DI",10,0.63,47.1,141,14.1,29.44,2020,2020,"DEN",3,95,47.31,118.0138462,-70.70384615,"DEN"
3,96,1587785520,"KC","NianLu00","Lucas Niang","L.Niang",3,96,"KC",705,0.118062910128388,6595,0.017710784,0.130861524,42.8800783564262,52,96,3,19,686,0.0802526315789474,0.119116275659824,1,183,47004,"OL",11,0.65,64.6,524,47.64,41.8,2021,2020,"KC",3,96,52.15,101.7233333,-49.57333333,"KC"
3,97,1587785640,"CLE","PhilJa01","Jacob Phillips","J.Phillips",3,97,"CLE",1147,0.115206902654867,12133,0.032583008,0.112528068,NA,119,97,3,14,1133,0.110653846153846,0.115259892569382,1,103,57942,"LB",9,0.56,45.3,169,18.78,25.48,2020,2020,"CLV",3,97,55.27,105.2694118,-49.99941176,"CLV"
3,98,1587785880,"BAL","HarrMa06","Malik Harrison","M.Harrison",3,98,"BAL",254,0.131643253968254,12762,0.034272179,0.109538109,118.904415526424,25,98,3,8,246,0.229785714285714,0.128839183673469,1,185,28081,"LB",16,1,52.8,265,16.56,52.8,2020,2020,"BAL",3,98,131.29,105.2694118,26.02058824,"BAL"
3,99,1587786000,"NYG","PearMa00","Matt Peart","M.Peart",3,99,"NYG",612,0.088096204620462,12490,0.033541727,0.126600401,-67.1940311004784,53,99,3,22,590,0.162580952380952,0.0854223931623932,1,189,46179,"OL",11,0.69,69.7,150,13.64,47.92,2020,2020,"NYG",3,99,103.15,101.7233333,1.426666667,"NYG"
3,100,1587786120,"LV","MuseTa00","Tanner Muse","T.Muse",3,100,"LV",1877,0.111040096878364,11083,0.029763248,0.107186085,-175.015906641604,174,100,3,37,1840,0.09184,0.111408721886999,1,219,35997,"LB",1,0.06,59.9,1,1,3.52,2021,2020,"LV",3,100,27.98,105.2694118,-77.28941176,"SEA"
3,101,1587786480,"NE","KeenDa00","Dalton Keene","D.Keene",3,101,"NE",859,0.126499527186761,18402,0.049418324,0.096257174,-139.742911266683,69,101,3,23,836,0.0826181818181818,0.127671116504854,1,61,61068,"TE",6,0.38,42.2,89,14.83,15.83,2020,2020,"NE",3,101,15.83,134.0185714,-118.1885714,"NE"
3,102,1587786660,"PIT","HighAl02","Alex Highsmith","A.Highsmith",3,102,"PIT",263,0.121746360153257,7495,0.020127722,0.12302311,40.7249343127633,23,102,3,7,256,-0.0671666666666667,0.12619137254902,1,6,43507,"ED",16,1,72,440,27.5,72,2020,2020,"PIT",3,102,213.25,117.7219231,95.52807692,"PIT"
3,103,1587786720,"PHI","TaylDa01","Davion Taylor","D.Taylor",3,103,"PHI",562,0.131434476534296,35223,0.094590893,0.058375155,0.979119876898174,51,103,3,3,559,0.143133333333333,0.131370780399274,1,71,81991,"LB",4,0.25,27.4,33,8.25,6.85,2020,2020,"PHI",3,103,27.29,105.2694118,-77.97941176,"PHI"
3,104,1587786840,"LA","BurgTe00","Terrell Burgess","T.Burgess",3,104,"LA",534,0.152737051039698,3476,0.009334751,0.13010574,NA,55,104,3,5,529,-0.0748,0.154470666666667,1,221,45255,"S",4,0.25,47.7,49,12.25,11.93,2020,2020,"LAR",3,104,44.83,132.52,-87.69,"LAR"
3,105,1587786960,"NO","TrauAd00","Adam Trautman","A.Trautman",3,105,"NO",691,0.0894851470588235,6684,0.017949792,0.102622322,-20.479768907563,40,105,3,2,689,0,0.0897491150442478,1,2,109795,"TE",15,0.94,79.4,172,11.47,74.44,2020,2020,"NO",3,105,181.24,134.0185714,47.22142857,"NO"
3,106,1587787080,"BAL","PhilTy00","Tyre Phillips","T.Phillips",3,106,"BAL",16608,0.160151866788879,12762,0.034272179,0.109538109,118.904415526424,1695,106,3,58,16550,0.289335714285714,0.159708289901281,1,235,59874,"OL",12,0.75,47.1,418,34.83,35.33,2020,2020,"BAL",3,106,96.12,101.7233333,-5.603333333,"BAL"
4,107,1587830940,"CIN","DaviAk01","Akeem Davis-Gaither","A.Davis-Gaither",4,107,"CIN",1,NA,6597,0.017716155,0.145045598,285.420521228312,NA,107,4,0,1,0,0,0,4,34788,"LB",16,1,40.7,314,19.63,40.7,2020,2020,"CIN",4,107,129.79,124.31,5.48,"CIN"
4,108,1587831180,"WAS","CharSa00","Saahdiq Charles","S.Charles",4,108,"WAS",211,0.155312019230769,7335,0.019698044,0.108911643,176.091673153899,13,108,4,2,209,0.5719,0.153299516908213,1,210,59820,"OL",1,0.06,60,2,2,3.75,2020,2020,"WAS",4,108,50.95,71.46458333,-20.51458333,"WAS"
4,109,1587831360,"LV","SimpJo00","John Simpson","J.Simpson",4,109,"LV",1385,0.139155732946299,11083,0.029763248,0.107186085,-175.015906641604,115,109,4,25,1360,0.230475,0.137537075332349,1,129,41715,"OL",5,0.31,45.8,252,50.4,14.31,2020,2020,"LV",4,109,77.41,71.46458333,5.945416667,"LV"
4,110,1587831720,"NYG","HolmDa01","Darnay Holmes","D.Holmes",4,110,"NYG",413,0.127098786407767,12490,0.033541727,0.126600401,-67.1940311004784,29,110,4,5,408,-0.04948,0.129268058968059,1,67,56247,"CB",12,0.75,48.1,442,36.83,36.08,2020,2020,"NYG",4,110,110.75,82.38866667,28.36133333,"NYG"
4,111,1587831840,"MIA","KindSo00","Solomon Kindley","S.Kindley",4,111,"MIA",202,0.116424747474747,14079,0.037808965,0.123932132,-361.1980028972,14,111,4,2,200,0,0.117612755102041,1,214,41471,"OL",13,0.81,51.3,748,57.54,41.68,2020,2020,"MIA",4,111,51.83,71.46458333,-19.63458333,"MIA"
4,112,1587831900,"LAC","KellJo01","Joshua Kelley","J.Kelley",4,112,"LAC",600,0.146139562289562,7817,0.020992448,0.13591072,-16.1283021189337,49,112,4,3,597,0.401133333333333,0.144845177664975,1,146,13750,"HB",14,0.88,63.1,134,9.57,55.21,2020,2020,"LAC",4,112,133.68,133.2452632,0.434736842,"LAC"
4,113,1587832080,"CAR","PridTr00","Troy Pride Jr.","T.Jr.",4,113,"CAR",431,0.148472169811321,6452,0.017326759,0.12620506,-12.5775090935896,40,113,4,11,420,0.33106,0.144061835748792,1,229,42883,"CB",14,0.88,39.3,529,37.79,34.39,2020,2020,"CAR",4,113,34.39,82.38866667,-47.99866667,"CAR"
4,114,1587832200,"ARI","FotuLe00","Leki Fotu","L.Fotu",4,114,"ARI",219,0.178213023255814,5532,0.014856112,0.138027594,-17.0626369047619,21,114,4,5,214,-0.0433,0.183487142857143,1,179,44614,"DI",11,0.69,41,284,25.82,28.19,2020,2020,"ARI",4,114,99.69,113.889,-14.199,"ARI"
4,115,1587832260,"CLE","BryaHa00","Harrison Bryant","H.Bryant",4,115,"CLE",674,0.13777987987988,12133,0.032583008,0.112528068,NA,51,115,4,11,663,0.25549,0.135985518292683,1,91,26394,"TE",15,0.94,60.7,294,19.6,56.91,2020,2020,"CLV",4,115,177.2,123.5215385,53.67846154,"CLV"
4,116,1587832440,"JAX","BartBe00","Ben Bartch","B.Bartch",4,116,"JAX",854,0.170099643281807,6713,0.018027671,0.117975776,-74.4143932140196,57,116,4,25,829,0.166516666666667,0.170204895960832,1,20,84236,"OL",5,0.31,58.5,219,43.8,18.28,2020,2020,"JAX",4,116,87.21,71.46458333,15.74541667,"JAX"
4,117,1587832680,"MIN","WonnDJ00","D.J. Wonnum","D.Wonnum",4,117,"MIN",295,0.0849126279863481,21534,0.057829268,0.114465213,-107.72040452278,23,117,4,14,281,0.267614285714286,0.0757448028673835,1,59,44550,"ED",14,0.88,51.1,471,33.64,44.71,2020,2020,"MIN",4,117,149.8,112.83125,36.96875,"MIN"
4,118,1587832740,"DEN","OkwuAl00","Albert Okwuegbunam","A.Okwuegbunam",4,118,"DEN",648,0.134484555382215,10740,0.028842126,0.129802805,-187.268660664202,64,118,4,10,638,0.137133333333333,0.134446835443038,1,5,41933,"TE",4,0.25,83.2,62,15.5,20.8,2020,2020,"DEN",4,118,99.03,123.5215385,-24.49153846,"DEN"
4,119,1587832920,"ATL","WalkMy00","Mykal Walker","M.Walker",4,119,"ATL",870,0.164699073001159,7940,0.021322763,0.078852919,-105.564194139194,63,119,4,3,867,0.324966666666667,0.16414,1,195,57834,"LB",16,1,74,387,24.19,74,2020,2020,"ATL",4,119,196.36,124.31,72.05,"ATL"
4,120,1587833160,"NYJ","PeriLa00","La'Mical Perine","L.Perine",4,120,"NYJ",403,0.0988291139240506,14679,0.039420257,0.113141363,-396.429360420281,37,120,4,5,398,0.26732,0.0966689743589744,1,175,26408,"HB",9,0.56,58,75,8.33,32.63,2020,2020,"NYJ",4,120,42.41,133.2452632,-90.83526316,"NYJ"
4,121,1587833280,"DET","StenLo00","Logan Stenberg","L.Stenberg",4,121,"DET",1089,0.165654197761194,14503,0.038947612,0.124482496,-160.354850014365,74,121,4,14,1075,0.2205,0.165085579641847,1,181,37181,"OL",2,0.12,55.1,4,2,6.48,2021,2020,"DET",4,121,15.73,71.46458333,-55.73458333,"DET"
4,122,1587833580,"IND","EasoJa00","Jacob Eason","J.Eason",4,122,"IND",727,0.165708811188811,9313,0.025009936,0.130396679,46.863755118076,60,122,4,84,643,0.15905421686747,0.166582753164557,1,102,46444,"QB",1,0.06,29.6,5,5,1.74,2021,2020,"IND",4,122,3.46,39.35375,-35.89375,"SEA"
4,123,1587833760,"DAL","RobiRe00","Reggie Robinson II","R.II",4,123,"DAL",897,0.159589313835771,13812,0.03709194,0.111480222,34.4176474358975,76,123,4,13,884,0.178108333333333,0.159335917901938,1,246,4,"CB",0,0,0,0,0,0,2020,2020,"DAL",4,123,0,82.38866667,-82.38866667,"DAL"
4,124,1587834000,"PIT","McFaAn00","Anthony McFarland Jr.","A.Jr.",4,124,"PIT",992,0.152612090163934,7495,0.020127722,0.12302311,40.7249343127633,65,124,4,13,979,0.1451,0.152705601659751,1,12,57289,"HB",11,0.69,56.5,39,3.55,38.84,2020,2020,"PIT",4,124,49.05,133.2452632,-84.19526316,"PIT"
4,125,1587834240,"NYJ","MorgJa00","James Morgan","J.Morgan",4,125,"NYJ",1277,0.149873496835443,14679,0.039420257,0.113141363,-396.429360420281,100,125,4,30,1247,0.175110344827586,0.149280890688259,1,245,3,"QB",0,0,0,0,0,0,2020,2020,"NYJ",4,125,0,39.35375,-39.35375,"NYJ"
4,126,1587834540,"HOU","HeckCh00","Charlie Heck","C.Heck",4,126,"HOU",707,0.133425792507205,5066,0.013604675,0.09754653,-7.01889102564104,55,126,4,38,669,0.0763805555555556,0.136546808510638,1,45,36501,"OL",3,0.19,58.6,103,34.33,10.99,2020,2020,"HOU",4,126,106.27,71.46458333,34.80541667,"HOU"
4,127,1587834720,"PHI","WallKV00","K'Von Wallace","K.Wallace",4,127,"PHI",728,0.172530939226519,35223,0.094590893,0.058375155,0.979119876898174,53,127,4,15,713,0.167014285714286,0.172639718309859,1,159,42467,"S",12,0.75,51.7,203,16.92,38.78,2020,2020,"PHI",4,127,110.24,109.4419048,0.798095238,"PHI"
4,128,1587834900,"BUF","DaviGa01","Gabriel Davis","G.Davis",4,128,"BUF",850,0.162589429928741,7532,0.020227085,0.117431424,243.938085741026,53,128,4,14,836,0.06105,0.164057469879518,1,NA,NA,NA,NA,NA,NA,NA,NA,NA,NA,NA,NA,NA,NA,NA,NA,NA,NA
4,129,1587835140,"NYJ","ClarCa00","Cameron Clark","C.Clark",4,129,"NYJ",399,0.181110101010101,14679,0.039420257,0.113141363,-396.429360420281,22,129,4,4,395,0.1101,0.181834693877551,1,244,2,"OL",0,0,0,0,0,0,2020,2020,"NYJ",4,129,0,71.46458333,-71.46458333,"NYJ"
4,130,1587835260,"MIN","LyncJa00","James Lynch","J.Lynch",4,130,"MIN",763,0.177306973684211,21534,0.057829268,0.114465213,-107.72040452278,76,130,4,31,732,0.377753333333333,0.169069452054795,1,109,56962,"DI",9,0.56,48.9,59,6.56,27.51,2020,2020,"MIN",4,130,121.72,113.889,7.831,"MIN"
4,131,1587835440,"ARI","LawrRa01","Rashard Lawrence","R.Lawrence",4,131,"ARI",460,0.15910044345898,5532,0.014856112,0.138027594,-17.0626369047619,36,131,4,7,453,0.117583333333333,0.159660224719101,1,206,44515,"DI",9,0.56,47.8,166,18.44,26.89,2020,2020,"ARI",4,131,86.31,113.889,-27.579,"ARI"
4,132,1587835560,"MIN","DyexTr00","Troy Dye","T.Dye",4,132,"MIN",435,0.159959764705882,21534,0.057829268,0.114465213,-107.72040452278,27,132,4,18,417,0.192935294117647,0.158585784313725,1,228,28251,"LB",10,0.63,28.8,201,20.1,18,2020,2020,"MIN",4,132,47.36,124.31,-76.95,"MIN"
4,133,1587835680,"SEA","ParkCo02","Colby Parkinson","C.Parkinson",4,133,"SEA",1318,0.0781957055214724,13602,0.036527988,0.106199573,72.7584269974092,155,133,4,13,1305,0.187658333333333,0.0771790247678019,1,54,52266,"TE",5,0.31,68.4,24,4.8,21.38,2020,2020,"SEA",4,133,131.03,123.5215385,7.508461538,"SEA"
4,134,1587835980,"ATL","HawkJa00","Jaylinn Hawkins","J.Hawkins",4,134,"ATL",293,0.0974152249134948,7940,0.021322763,0.078852919,-105.564194139194,37,134,4,3,290,0,0.0977534722222222,1,116,51423,"S",5,0.31,60,76,15.2,18.75,2020,2020,"ATL",4,134,123.45,109.4419048,14.00809524,"ATL"
4,135,1587836040,"PIT","DotsKe00","Kevin Dotson","K.Dotson",4,135,"PIT",987,0.129266323377961,7495,0.020127722,0.12302311,40.7249343127633,94,135,4,14,973,-0.0666833333333333,0.131718248175182,1,165,46735,"OL",8,0.5,66.2,358,44.75,33.1,2020,2020,"PIT",4,135,132.65,71.46458333,61.18541667,"PIT"
4,136,1587836280,"LA","HopkBr01","Brycen Hopkins","B.Hopkins",4,136,"LA",637,0.153372727272727,3476,0.009334751,0.13010574,NA,48,136,4,7,630,0.36385,0.151339130434783,1,33,47338,"TE",3,0.18,52.4,19,6.33,9.25,2021,2020,"LAR",4,136,57.89,123.5215385,-65.63153846,"LAR"
4,137,1587836460,"JAX","ScotJo00","Josiah Scott","J.Scott",4,137,"JAX",893,0.136056882821388,6713,0.018027671,0.117975776,-74.4143932140196,76,137,4,11,882,0.188933333333333,0.135509885057471,1,148,55634,"CB",6,0.38,46.9,80,13.33,17.59,2020,2020,"JAX",4,137,69.13,82.38866667,-13.25866667,"JAX"
4,138,1587836700,"KC","SneeLJ00","L'Jarius Sneed","L.Sneed",4,138,"KC",377,0.135160483870968,6595,0.017710784,0.130861524,42.8800783564262,28,138,4,1,376,0,0.135524797843666,1,174,40588,"CB",9,0.56,72.9,410,45.56,41.01,2020,2020,"KC",4,138,173.67,82.38866667,91.28133333,"KC"
4,139,1587836820,"LV","RobeAm00","Amik Robertson","A.Robertson",4,139,"LV",460,0.0933860310421286,11083,0.029763248,0.107186085,-175.015906641604,46,139,4,9,451,0.0708333333333333,0.0938452488687783,1,9,55619,"CB",6,0.38,42.2,35,5.83,15.83,2020,2020,"LV",4,139,93.06,82.38866667,10.67133333,"LV"
4,140,1587836940,"JAX","QuarSh00","Shaquille Quarterman","S.Quarterman",4,140,"JAX",424,0.148373621103117,6713,0.018027671,0.117975776,-74.4143932140196,41,140,4,4,420,0.296075,0.146943099273608,1,212,51048,"LB",10,0.59,62.9,144,14.4,37,2021,2020,"JAX",4,140,47.64,124.31,-76.67,"JAX"
4,141,1587837060,"HOU","ReidJo00","John Reid","J.Reid",4,141,"HOU",614,0.143171782178218,5066,0.013604675,0.09754653,-7.01889102564104,36,141,4,22,592,0.0610818181818182,0.146264212328767,1,127,49381,"CB",7,0.44,53.9,145,20.71,23.58,2020,2020,"HOU",4,141,53.89,82.38866667,-28.49866667,"HOU"
4,142,1587837240,"WAS","GandAn00","Antonio Gandy-Golden","A.Gandy-Golden",4,142,"WAS",795,0.148946743295019,7335,0.019698044,0.108911643,176.091673153899,66,142,4,8,787,-0.0422857142857143,0.150671778350515,1,15,39993,"WR",6,0.38,44.6,88,14.67,16.73,2020,2020,"WAS",4,142,16.73,88.79521739,-72.06521739,"WAS"
4,143,1587837480,"BAL","BredBe00","Ben Bredeson","B.Bredeson",4,143,"BAL",193,0.160979057591623,12762,0.034272179,0.109538109,118.904415526424,15,143,4,6,187,0.00872000000000001,0.165072043010753,1,21,27305,"OL",5,0.31,47.4,48,9.6,14.81,2020,2020,"BAL",4,143,74.64,71.46458333,3.175416667,"BAL"
4,144,1587837540,"SEA","DallDe00","DeeJay Dallas","D.Dallas",4,144,"SEA",1247,0.174362581699346,13602,0.036527988,0.106199573,72.7584269974092,105,144,4,31,1216,0.135177777777778,0.175246449456976,1,74,55632,"HB",8,0.5,72.1,51,6.38,36.05,2020,2020,"SEA",4,144,142.53,133.2452632,9.284736842,"SEA"
4,145,1587837960,"PHI","DrisJa00","Jack Driscoll","J.Driscoll",4,145,"PHI",602,0.115320608108108,35223,0.094590893,0.058375155,0.979119876898174,47,145,4,28,574,-0.0379392857142857,0.122929255319149,1,101,27064,"OL",10,0.63,57.4,300,30,35.88,2020,2020,"PHI",4,145,105.23,71.46458333,33.76541667,"PHI"
4,146,1587838140,"DAL","BiadTy00","Tyler Biadasz","T.Biadasz",4,146,"DAL",839,0.113993341404358,13812,0.03709194,0.111480222,34.4176474358975,77,146,4,38,801,0.150197368421053,0.112247461928934,1,232,41178,"OL",8,0.5,53.5,427,53.38,26.75,2020,2020,"DAL",4,146,149.62,71.46458333,78.15541667,"DAL"
5,147,1587838320,"CIN","KareKh00","Khalid Kareem","K.Kareem",5,147,"CIN",258,0.15788326848249,6597,0.017716155,0.145045598,285.420521228312,26,147,5,0,258,0,0.15788326848249,0,167,42993,"ED",16,1,59,259,16.19,59,2020,2020,"CIN",5,147,111.03,72.98307692,38.04692308,"CIN"
5,148,1587838380,"SEA","RobiAl03","Alton Robinson","A.Robinson",5,148,"SEA",482,0.13126,13602,0.036527988,0.106199573,72.7584269974092,40,148,5,8,474,0.165675,0.130676694915254,1,8,56857,"ED",14,0.88,66.7,336,24,58.36,2020,2020,"SEA",5,148,107.11,72.98307692,34.12692308,"SEA"
5,149,1587838500,"IND","PintDa00","Danny Pinter","D.Pinter",5,149,"IND",892,0.13038701594533,9313,0.025009936,0.130396679,46.863755118076,66,149,5,1,891,0,0.129974002280502,1,66,47339,"OL",9,0.56,58,103,11.44,32.63,2020,2020,"IND",5,149,117.78,75.92238095,41.85761905,"IND"
5,150,1587838740,"NYG","LemiSh00","Shane Lemieux","S.Lemieux",5,150,"NYG",229,0.134524444444444,12490,0.033541727,0.126600401,-67.1940311004784,13,150,5,2,227,0,0.135125,1,211,28149,"OL",11,0.69,32.2,504,45.82,22.14,2020,2020,"NYG",5,150,27.93,75.92238095,-47.99238095,"NYG"
5,151,1587838800,"LAC","ReedJo03","Joe Reed","J.Reed",5,151,"LAC",450,0.126452927927928,7817,0.020992448,0.13591072,-16.1283021189337,40,151,5,11,439,0.1235,0.126520967741935,1,124,40221,"WR",5,0.31,58.2,11,2.2,18.19,2020,2020,"LAC",5,151,18.19,122.4693333,-104.2793333,"LAC"
5,152,1587838920,"CAR","RobiKe02","Kenny Robinson Jr.","K.Jr.",5,152,"CAR",1040,0.18524040895813,6452,0.017326759,0.12620506,-12.5775090935896,69,152,5,11,1029,0.31637,0.183951032448378,1,NA,NA,NA,NA,NA,NA,NA,NA,NA,NA,NA,NA,NA,NA,NA,NA,NA,NA
5,153,1587839220,"SF","McKiCo00","Colton McKivitz","C.McKivitz",5,153,"SF",676,0.150125484351714,16341,0.043883536,0.113882776,55.8473650793651,61,153,5,1,675,0,0.150349552238806,1,57,29314,"OL",9,0.56,53.1,301,33.44,29.87,2020,2020,"SF",5,153,57.59,75.92238095,-18.33238095,"SF"
5,154,1587839400,"MIA","StroJa02","Jason Strowbridge","J.Strowbridge",5,154,"MIA",725,0.137891135734072,14079,0.037808965,0.123932132,-361.1980028972,54,154,5,16,709,0.271026666666667,0.135066478076379,1,113,48547,"DI",7,0.44,58.2,55,7.86,25.46,2020,2020,"MIA",5,154,25.46,124.8016667,-99.34166667,"MIA"
5,155,1587839580,"CHI","GipsTr00","Trevis Gipson","T.Gipson",5,155,"CHI",471,0.0876640860215054,12731,0.034188929,0.117120924,16.7361562881563,34,155,5,6,465,-0.12055,0.0903858387799564,1,223,35241,"ED",7,0.44,46.6,72,10.29,20.39,2020,2020,"CHI",5,155,135.55,72.98307692,62.56692308,"CHI"
5,156,1587839700,"WAS","IsmaKe00","Keith Ismael","K.Ismael",5,156,"WAS",718,0.1517546875,7335,0.019698044,0.108911643,176.091673153899,55,156,5,10,708,0.0489333333333333,0.15308618705036,1,163,41878,"OL",1,0.06,59.1,4,4,3.69,2020,2020,"WAS",5,156,38.05,75.92238095,-37.87238095,"WAS"
5,157,1587839880,"JAX","ThomDa07","Daniel Thomas","D.Thomas",5,157,"JAX",828,0.152232762836186,6713,0.018027671,0.117975776,-74.4143932140196,69,157,5,4,824,0.343025,0.151295208845209,1,65,42544,"S",6,0.38,52.3,162,27,19.61,2020,2020,"JAX",5,157,50.69,67.26181818,-16.57181818,"JAX"
5,158,1587840120,"NYJ","HallBr02","Bryce Hall","B.Hall",5,158,"NYJ",750,0.108785675675676,14679,0.039420257,0.113141363,-396.429360420281,62,158,5,50,700,0.027306,0.11469,1,31,42313,"CB",8,0.5,59.9,547,68.38,29.95,2020,2020,"NYJ",5,158,98.07,66.15047619,31.91952381,"NYJ"
5,159,1587840300,"NE","RohrJu00","Justin Rohrwasser","J.Rohrwasser",5,159,"NE",240,0.0911481171548117,18402,0.049418324,0.096257174,-139.742911266683,26,159,5,3,237,0.0986666666666667,0.0910525423728814,1,243,1,"K",0,0,0,0,0,0,2020,2020,"NE",5,159,0,149.7475,-149.7475,"NE"
5,160,1587840360,"CLE","HarrNi01","Nick Harris","N.Harris",5,160,"CLE",597,0.0841701013513513,12133,0.032583008,0.112528068,NA,37,160,5,5,592,0.14985,0.0837232993197279,1,198,46752,"OL",2,0.13,51.3,143,71.5,6.41,2020,2020,"CLV",5,160,10.53,75.92238095,-65.39238095,"CLV"
5,161,1587840480,"TB","JohnTy00","Tyler Johnson","T.Johnson",5,161,"TB",792,0.111106106870229,5184,0.013921562,0.114079188,-127.933923367912,73,161,5,44,748,0.0847093023255814,0.112633781965007,1,234,48054,"WR",14,0.88,58.9,171,12.21,51.54,2020,2020,"TB",5,161,106.94,122.4693333,-15.52933333,"TB"
5,162,1587840660,"WAS","HudsKh00","Khaleke Hudson","K.Hudson",5,162,"WAS",1047,0.148202710551791,7335,0.019698044,0.108911643,176.091673153899,84,162,5,9,1038,0.171166666666667,0.14800087890625,1,166,49073,"LB",6,0.38,65.8,53,8.83,24.68,2020,2020,"WAS",5,162,53.43,70.3724,-16.9424,"WAS"
5,163,1587840900,"CHI","VildKi00","Kindle Vildor","K.Vildor",5,163,"CHI",715,0.159298161244696,12731,0.034188929,0.117120924,16.7361562881563,52,163,5,10,705,-0.0592375,0.161799284692418,1,169,49346,"CB",5,0.31,48.9,136,27.2,15.28,2020,2020,"CHI",5,163,100.97,66.15047619,34.81952381,"CHI"
5,164,1587841080,"MIA","WeavCu00","Curtis Weaver","C.Weaver",5,164,"MIA",587,0.129347140381283,14079,0.037808965,0.123932132,-361.1980028972,44,164,5,22,565,-0.0159,0.13483309352518,1,58,43751,"ED",1,0.06,76.3,6,6,4.49,2021,2020,"MIA",5,164,4.49,72.98307692,-68.49307692,"CLV"
5,165,1587841200,"JAX","JohnCo01","Collin Johnson","C.Johnson",5,165,"JAX",527,0.152723992322457,6713,0.018027671,0.117975776,-74.4143932140196,46,165,5,15,512,0.236314285714286,0.150415779092702,1,56,47808,"WR",14,0.88,73.4,180,12.86,64.23,2020,2020,"JAX",5,165,108.21,122.4693333,-14.25933333,"JAX"
5,166,1587841320,"DET","CephQu00","Quintez Cephus","Q.Cephus",5,166,"DET",1210,0.122459144295302,14503,0.038947612,0.124482496,-160.354850014365,90,166,5,36,1174,0.0183387096774194,0.125239276485788,1,204,29614,"WR",13,0.81,64.8,231,17.77,52.65,2020,2020,"DET",5,166,89.74,122.4693333,-32.72933333,"DET"
5,167,1587841560,"BUF","FromJa00","Jake Fromm","J.Fromm",5,167,"BUF",1252,0.127266747572816,7532,0.020227085,0.117431424,243.938085741026,99,167,5,114,1138,0.159325663716814,0.124040872662511,1,104,60389,"QB",3,0.18,38.5,73,24.33,6.79,2021,2020,"BUF",5,167,6.79,24.465,-17.675,"NYG"
5,168,1587841800,"PHI","HighJo00","John Hightower","J.Hightower",5,168,"PHI",984,0.137723535457348,35223,0.094590893,0.058375155,0.979119876898174,88,168,5,22,962,0.000209523809523802,0.140756932773109,1,125,84142,"WR",12,0.75,50.5,250,20.83,37.88,2020,2020,"PHI",5,168,37.88,122.4693333,-84.58933333,"PHI"
5,169,1587841980,"MIN","HandHa00","Harrison Hand","H.Hand",5,169,"MIN",1055,0.146913135186961,21534,0.057829268,0.114465213,-107.72040452278,100,169,5,24,1031,0.357808695652174,0.142157647058824,1,92,55576,"CB",6,0.38,65.8,163,27.17,24.68,2020,2020,"MIN",5,169,44.9,66.15047619,-21.25047619,"MIN"
5,170,1587842220,"BAL","WashBr01","Broderick Washington Jr.","B.Jr.",5,170,"BAL",745,0.123351153324288,12762,0.034272179,0.109538109,118.904415526424,57,170,5,4,741,0.051225,0.123744747612551,1,NA,NA,NA,NA,NA,NA,NA,NA,NA,NA,NA,NA,NA,NA,NA,NA,NA,NA
5,171,1587842400,"HOU","CoulIs00","Isaiah Coulter","I.Coulter",5,171,"HOU",751,0.105336657681941,5066,0.013604675,0.09754653,-7.01889102564104,59,171,5,7,744,0.07915,0.105550135869565,1,94,55307,"WR",1,0.06,52.3,13,13,3.08,2021,2020,"HOU",5,171,3.08,122.4693333,-119.3893333,"CHI"
5,172,1587842580,"DET","HuntJa01","Jason Huntley","J.Huntley",5,172,"DET",776,0.0990132372214941,14503,0.038947612,0.124482496,-160.354850014365,66,172,5,4,772,0.1879,0.0987796320630749,1,112,45693,"HB",4,0.25,55.1,6,1.5,13.78,2020,2020,"DET",5,172,16.86,95.20210526,-78.34210526,"PHI"
5,173,1587842760,"CHI","MoonDa00","Darnell Mooney","D.Mooney",5,173,"CHI",526,0.135945348837209,12731,0.034188929,0.117120924,16.7361562881563,39,173,5,7,519,0.113785714285714,0.136250098231827,1,68,48236,"WR",16,1,68.7,537,33.56,68.7,2020,2020,"CHI",5,173,192.25,122.4693333,69.78066667,"CHI"
5,174,1587842880,"TEN","MurcLa00","Larrell Murchison","L.Murchison",5,174,"TEN",567,0.134786738351254,4841,0.01300044,0.108463721,-515.629858058608,49,174,5,4,563,0,0.135515315315315,1,177,57004,"DI",10,0.63,48.3,136,13.6,30.19,2020,2020,"TEN",5,174,95.14,124.8016667,-29.66166667,"TEN"
5,175,1587843000,"GB","MartKa01","Kamal Martin","K.Martin",5,175,"GB",836,0.129400966183575,33965,0.091212551,0.104027848,-83.8543627329192,84,175,5,8,828,0.136725,0.129329512195122,1,160,12744,"LB",10,0.63,73.3,190,19,45.81,2020,2020,"GB",5,175,50.43,70.3724,-19.9424,"GB"
5,176,1587843180,"MIN","OsboKJ00","K.J. Osborn","K.Osborn",5,176,"MIN",932,0.122182594594595,21534,0.057829268,0.114465213,-107.72040452278,97,176,5,10,922,0.22015,0.121111912568306,1,157,23503,"WR",17,1,64.9,536,31.53,64.9,2021,2020,"MIN",5,176,130,122.4693333,7.530666667,"MIN"
5,177,1587843420,"KC","DannMi00","Michael Danna","M.Danna",5,177,"KC",457,0.112631848552339,6595,0.017710784,0.130861524,42.8800783564262,39,177,5,3,454,0.2199,0.111910313901345,1,NA,NA,NA,NA,NA,NA,NA,NA,NA,NA,NA,NA,NA,NA,NA,NA,NA,NA
5,178,1587843540,"DEN","StrnJu00","Justin Strnad","J.Strnad",5,178,"DEN",452,0.130693111111111,10740,0.028842126,0.129802805,-187.268660664202,43,178,5,3,449,0.4507,0.128545413870246,1,155,42659,"LB",9,0.53,32,314,34.89,16.94,2021,2020,"DEN",5,178,24.36,70.3724,-46.0124,"DEN"
5,179,1587843660,"DAL","AnaeBr00","Bradlee Anae","B.Anae",5,179,"DAL",248,0.138567479674797,13812,0.03709194,0.111480222,34.4176474358975,22,179,5,8,240,-0.100275,0.146595798319328,1,25,43982,"ED",3,0.19,85.2,6,2,15.98,2020,2020,"DAL",5,179,23.96,72.98307692,-49.02307692,"DAL"
6,180,1587843720,"CIN","AdenHa00","Hakeem Adeniji","H.Adeniji",6,180,"CIN",698,0.128220289855072,6597,0.017716155,0.145045598,285.420521228312,60,180,6,3,695,0,0.128593023255814,1,90,45419,"OL",9,0.56,51.6,233,25.89,29.03,2020,2020,"CIN",6,180,95.97,53.26913043,42.70086957,"CIN"
6,181,1587843900,"DEN","MutiNe00","Netane Muti","N.Muti",6,181,"DEN",478,0.10662170212766,10740,0.028842126,0.129802805,-187.268660664202,24,181,6,17,461,-0.158364705882353,0.116566004415011,1,196,41339,"OL",2,0.13,37.1,122,61,4.64,2020,2020,"DEN",6,181,36.18,53.26913043,-17.08913043,"DEN"
6,182,1587844020,"NE","OnweMi00","Michael Onwenu","M.Onwenu",6,182,"NE",455,0.0965723214285714,18402,0.049418324,0.096257174,-139.742911266683,34,182,6,7,448,0.3167,0.093078231292517,1,NA,NA,NA,NA,NA,NA,NA,NA,NA,NA,NA,NA,NA,NA,NA,NA,NA,NA
6,183,1587844140,"NYG","BrowCa01","Cam Brown","C.Brown",6,183,"NYG",813,0.0860777085927771,12490,0.033541727,0.126600401,-67.1940311004784,80,183,6,22,791,0.183909090909091,0.0833218950064021,1,35,42516,"ED",11,0.69,45.9,94,8.55,31.56,2020,2020,"NYG",6,183,44.33,73.076,-28.746,"NYG"
6,184,1587844320,"CAR","RoyxBr00","Bravvion Roy","B.Roy",6,184,"CAR",209,0.130009756097561,6452,0.017326759,0.12620506,-12.5775090935896,21,184,6,0,209,0,0.130009756097561,0,28,25644,"DI",15,0.94,43.9,419,27.93,41.16,2020,2020,"CAR",6,184,130.05,94.02647059,36.02352941,"CAR"
6,185,1587844380,"MIA","FergBl00","Blake Ferguson","B.Ferguson",6,185,"MIA",900,0.109088361581921,14079,0.037808965,0.123932132,-361.1980028972,71,185,6,7,893,0.0475142857142857,0.109579271070615,1,NA,NA,NA,NA,NA,NA,NA,NA,NA,NA,NA,NA,NA,NA,NA,NA,NA,NA
6,186,1587844620,"LAC","GilmAl00","Alohi Gilman","A.Gilman",6,186,"LAC",630,0.162025079872204,7817,0.020992448,0.13591072,-16.1283021189337,39,186,6,3,627,0,0.162544391025641,1,7,41662,"S",4,0.25,47.5,71,17.75,11.88,2020,2020,"LAC",6,186,104.23,72.10619048,32.12380952,"LAC"
6,187,1587844800,"CLE","PeopDo00","Donovan Peoples-Jones","D.Peoples-Jones",6,187,"CLE",789,0.165444774193548,12133,0.032583008,0.112528068,NA,71,187,6,2,787,NA,0.165444774193548,1,82,61439,"WR",11,0.69,71.8,138,12.55,49.36,2020,2020,"CLV",6,187,168.37,67.71333333,100.6566667,"CLV"
6,188,1587845040,"BUF","BassTy00","Tyler Bass","T.Bass",6,188,"BUF",611,0.153078275290216,7532,0.020227085,0.117431424,243.938085741026,49,188,6,10,601,0.23457,0.151704047217538,1,231,33010,"K",16,1,67.4,93,5.81,67.4,2020,2020,"BUF",6,188,208.29,167.51,40.7778802,"BUF"
6,189,1587845220,"JAX","LutoJa00","Jake Luton","J.Luton",6,189,"JAX",774,0.167076271186441,6713,0.018027671,0.117975776,-74.4143932140196,63,189,6,9,765,0.0516666666666667,0.168446569920844,1,106,17287,"QB",3,0.19,39.8,123,41,7.46,2020,2020,"JAX",6,189,7.46,10.678,-3.218,"JAX"
6,190,1587845460,"SF","WoerCh00","Charlie Woerner","C.Woerner",6,190,"SF",862,0.14040831381733,16341,0.043883536,0.113882776,55.8473650793651,71,190,6,5,857,0,0.141235217903416,1,46,42257,"TE",9,0.56,56.3,38,4.22,31.67,2020,2020,"SF",6,190,131.39,91.71777778,39.67222222,"SF"
6,191,1587845760,"NYJ","MannBr01","Braden Mann","B.Mann",6,191,"NYJ",502,0.126756767676768,14679,0.039420257,0.113141363,-396.429360420281,34,191,6,16,486,-0.0222,0.13173235908142,1,24,44664,"P",16,1,64.4,82,5.13,64.4,2020,2020,"NYJ",6,191,174.79,121.71,53.08,"NYJ"
6,192,1587845880,"GB","RunyJo00","Jon Runyan","J.Runyan",6,192,"GB",469,0.130685152838428,33965,0.091212551,0.104027848,-83.8543627329192,30,192,6,12,457,0.0273090909090909,0.133229082774049,1,80,36661,"OL",8,0.5,53.8,160,20,26.9,2020,2020,"GB",6,192,150.77,53.26913043,97.50086957,"GB"
6,193,1587846000,"IND","WindRo01","Robert Windsor","R.Windsor",6,193,"IND",413,0.137494029850746,9313,0.025009936,0.130396679,46.863755118076,24,193,6,4,409,-0.0304,0.138756390977444,1,208,28310,"DI",2,0.13,36.3,9,4.5,4.54,2020,2020,"IND",6,193,4.54,94.02647059,-89.48647059,"IND"
6,194,1587846120,"TB","DaviKh00","Khalil Davis","K.Davis",6,194,"TB",372,0.147777297297297,5184,0.013921562,0.114079188,-127.933923367912,32,194,6,2,370,-0.4404,0.149371273712737,1,168,48988,"DI",2,0.13,53.1,37,18.5,6.64,2020,2020,"TB",6,194,9.96,94.02647059,-84.06647059,"TB"
6,195,1587846240,"NE","HerrJu00","Justin Herron","J.Herron",6,195,"NE",392,0.147416580310881,18402,0.049418324,0.096257174,-139.742911266683,36,195,6,5,387,0.15416,0.147328083989501,1,152,46271,"OL",12,0.75,63.4,352,29.33,47.55,2020,2020,"NE",6,195,94.17,53.26913043,40.90086957,"NE"
6,196,1587846360,"PHI","BradSh00","Shaun Bradley","S.Bradley",6,196,"PHI",431,0.147308274231678,35223,0.094590893,0.058375155,0.979119876898174,38,196,6,9,422,0.25465,0.145239036144578,1,213,42632,"LB",10,0.63,66.9,77,7.7,41.81,2020,2020,"PHI",6,196,65.82,61.961875,3.858125,"PHI"
6,197,1587846480,"DET","PeniJo00","John Penisini","J.Penisini",6,197,"DET",452,0.150905417607223,14503,0.038947612,0.124482496,-160.354850014365,28,197,6,13,439,0.0469333333333333,0.153800232018561,1,126,57037,"DI",16,1,41.4,576,36,41.4,2020,2020,"DET",6,197,94.39,94.02647059,0.363529412,"DET"
6,198,1587846600,"PIT","BrooAn00","Antoine Brooks Jr.","A.Jr.",6,198,"PIT",652,0.14076261682243,7495,0.020127722,0.12302311,40.7249343127633,57,198,6,4,648,0.045,0.14121220657277,1,13,49751,"CB",2,0.13,64.5,29,14.5,8.06,2020,2020,"PIT",6,198,8.06,49.16727273,-41.10727273,"PIT"
6,199,1587846780,"LA","FullJo01","Jordan Fuller","J.Fuller",6,199,"LA",727,0.167966527196653,3476,0.009334751,0.13010574,NA,68,199,6,8,719,0.382928571428571,0.165847183098592,1,138,45326,"S",12,0.75,63.6,708,59,47.7,2020,2020,"LAR",6,199,128.31,72.10619048,56.20380952,"LAR"
6,200,1587847020,"PHI","WatkQu00","Quez Watkins","Q.Watkins",6,200,"PHI",926,0.143154895489549,35223,0.094590893,0.058375155,0.979119876898174,74,200,6,18,908,0.0718647058823529,0.144513565022422,1,202,61664,"WR",6,0.38,61.1,83,13.83,22.91,2020,2020,"PHI",6,200,148.51,67.71333333,80.79666667,"PHI"
6,201,1587847260,"BAL","ProcJa00","James Proche","J.Proche",6,201,"BAL",804,0.10303358778626,12762,0.034272179,0.109538109,118.904415526424,68,201,6,28,776,-0.0359928571428571,0.108169129287599,1,NA,NA,NA,NA,NA,NA,NA,NA,NA,NA,NA,NA,NA,NA,NA,NA,NA,NA
6,202,1587847500,"ARI","WeavEv00","Evan Weaver","E.Weaver",6,202,"ARI",379,0.134484759358289,5532,0.014856112,0.138027594,-17.0626369047619,36,202,6,7,372,-0.0767857142857143,0.138514441416894,1,250,8,"LB",0,0,0,0,0,0,2020,2020,"ARI",6,202,0,61.961875,-61.961875,"ARI"
6,203,1587847620,"MIN","BranBl00","Blake Brandel","B.Brandel",6,203,"MIN",717,0.143502269503546,21534,0.057829268,0.114465213,-107.72040452278,52,203,6,6,711,-0.07812,0.145085285714286,1,23,46282,"OL",11,0.65,53.3,65,5.91,34.49,2021,2020,"MIN",6,203,54.01,53.26913043,0.740869565,"MIN"
6,204,1587847860,"NE","MaluCa00","Cassh Maluia","C.Maluia",6,204,"NE",347,0.137672093023256,18402,0.049418324,0.096257174,-139.742911266683,28,204,6,9,338,0.222777777777778,0.135385671641791,1,41,43524,"LB",2,0.13,42.2,11,5.5,5.28,2020,2020,"NE",6,204,5.28,61.961875,-56.681875,"NE"
6,205,1587847980,"MIN","MeteJo00","Josh Metellus","J.Metellus",6,205,"MIN",491,0.17559194214876,21534,0.057829268,0.114465213,-107.72040452278,36,205,6,6,485,0.320616666666667,0.173771548117155,1,144,43395,"S",5,0.31,43.3,16,3.2,13.53,2020,2020,"MIN",6,205,94.14,72.10619048,22.03380952,"MIN"
6,206,1587848160,"JAX","DaviTy02","Tyler Davis","T.Davis",6,206,"JAX",628,0.149216962843296,6713,0.018027671,0.117975776,-74.4143932140196,54,206,6,4,624,0.181725,0.149005528455285,1,233,47743,"TE",4,0.25,40.9,26,6.5,10.23,2020,2020,"JAX",6,206,101.64,91.71777778,9.922222222,"JAX"
6,207,1587848400,"BUF","HodgIs00","Isaiah Hodgins","I.Hodgins",6,207,"BUF",164,0.118182389937107,7532,0.020227085,0.117431424,243.938085741026,7,207,6,2,162,0.2202,0.116882802547771,1,95,52130,"WR",10,0.59,76.6,277,27.7,45.06,2022,2020,"BUF",6,207,45.06,67.71333333,-22.65333333,"NYG"
6,208,1587848460,"GB","HansJa00","Jake Hanson","J.Hanson",6,208,"GB",577,0.147305328596803,33965,0.091212551,0.104027848,-83.8543627329192,44,208,6,4,573,0.04485,0.148038461538462,1,105,28148,"OL",2,0.12,62.8,6,3,7.39,2021,2020,"GB",6,208,15.72,53.26913043,-37.54913043,"GB"
6,209,1587848640,"GB","StepSi00","Simon Stepaniak","S.Stepaniak",6,209,"GB",779,0.123055526657997,33965,0.091212551,0.104027848,-83.8543627329192,67,209,6,6,773,0.13392,0.12298442408377,1,249,7,"OL",0,0,0,0,0,0,2020,2020,"GB",6,209,0,53.26913043,-53.26913043,"GB"
6,210,1587848880,"PHI","WanoTe00","Prince Tega Wanogho","P.Wanogho",6,210,"PHI",707,0.0987393162393162,35223,0.094590893,0.058375155,0.979119876898174,65,210,6,32,675,0.113858064516129,0.0980408345752608,1,201,44820,"OL",2,0.12,58.5,6,3,6.88,2021,2020,"PHI",6,210,31.02,53.26913043,-22.24913043,"KC"
6,211,1587849060,"IND","RodgIs00","Isaiah Rodgers","I.Rodgers",6,211,"IND",779,0.128289534883721,9313,0.025009936,0.130396679,46.863755118076,58,211,6,21,758,0.0803285714285714,0.129627091633466,1,96,27069,"CB",5,0.31,73.9,51,10.2,23.09,2020,2020,"IND",6,211,156.57,49.16727273,107.4027273,"IND"
6,212,1587849300,"IND","PatmDe00","Dezmon Patmon","D.Patmon",6,212,"IND",526,0.118950579150579,9313,0.025009936,0.130396679,46.863755118076,39,212,6,3,523,-0.0888666666666667,0.120161165048544,1,81,48329,"WR",7,0.41,65.2,29,4.14,26.85,2021,2020,"IND",6,212,30.11,67.71333333,-37.60333333,"IND"
6,213,1587849480,"IND","GlasJo00","Jordan Glasgow","J.Glasgow",6,213,"IND",333,0.124806382978723,9313,0.025009936,0.130396679,46.863755118076,25,213,6,4,329,0.22565,0.123565230769231,1,141,34816,"LB",1,0.06,61.4,1,1,3.61,2021,2020,"IND",6,213,3.61,61.961875,-58.351875,"IND"
6,214,1587849600,"SEA","SwaiFr00","Freddie Swain","F.Swain",6,214,"SEA",254,0.180505928853755,13602,0.036527988,0.106199573,72.7584269974092,15,214,6,2,252,0,0.18194422310757,1,87,26448,"WR",16,1,53.4,241,15.06,53.4,2020,2020,"SEA",6,214,118.24,67.71333333,50.52666667,"SEA"
7,215,1587849720,"CIN","BailMa01","Markus Bailey","M.Bailey",7,215,"CIN",1,NA,6597,0.017716155,0.145045598,285.420521228312,NA,215,7,0,1,0,0,0,186,49681,"LB",6,0.38,32.6,44,7.33,12.23,2020,2020,"CIN",7,215,92.29,47.88894737,44.40105263,"CIN"
7,216,1587849840,"WAS","CurlKa00","Kamren Curl","K.Curl",7,216,"WAS",346,0.16117610619469,7335,0.019698044,0.108911643,176.091673153899,22,216,7,1,345,0,0.161652958579882,1,161,55800,"S",16,1,68.1,763,47.69,68.1,2020,2020,"WAS",7,216,191.94,72.08833333,119.8516667,"WAS"
7,217,1587850020,"SF","JennJa00","Jauan Jennings","J.Jennings",7,217,"SF",527,0.16269633911368,16341,0.043883536,0.113882776,55.8473650793651,46,217,7,9,518,-0.0843875,0.16656457925636,1,114,48027,"WR",16,0.94,65.8,211,13.19,61.93,2021,2020,"SF",7,217,124.33,67.252,57.078,"SF"
7,218,1587850200,"NYG","CougCa00","Carter Coughlin","C.Coughlin",7,218,"NYG",179,0.107697714285714,12490,0.033541727,0.126600401,-67.1940311004784,13,218,7,5,174,0.31372,0.101638235294118,1,38,43498,"ED",10,0.63,42.7,193,19.3,26.69,2020,2020,"NYG",7,218,45.74,58.337,-12.597,"NYG"
7,219,1587850260,"BAL","StonGe00","Geno Stone","G.Stone",7,219,"BAL",533,0.145074431818182,12762,0.034272179,0.109538109,118.904415526424,45,219,7,15,518,-0.05144,0.150820467836257,1,88,55967,"S",1,0.06,60,2,2,3.75,2020,2020,"BAL",7,219,98.67,72.08833333,26.58166667,"HOU"
7,220,1587850440,"LAC","HillKJ00","K.J. Hill","K.Hill",7,220,"LAC",382,0.136695733333333,7817,0.020992448,0.13591072,-16.1283021189337,38,220,7,37,345,-0.00401428571428571,0.151180588235294,1,156,28025,"WR",11,0.69,55,100,9.09,37.81,2020,2020,"LAC",7,220,49.63,67.252,-17.622,"LAC"
7,221,1587850560,"CAR","ThomSt00","Stantley Thomas-Oliver","S.Thomas-Oliver",7,221,"CAR",321,0.131752215189873,6452,0.017326759,0.12620506,-12.5775090935896,26,221,7,1,320,0,0.131764126984127,1,NA,NA,NA,NA,NA,NA,NA,NA,NA,NA,NA,NA,NA,NA,NA,NA,NA,NA
7,222,1587850680,"ARI","BenjEn00","Eno Benjamin","E.Benjamin",7,222,"ARI",966,0.146523449001052,5532,0.014856112,0.138027594,-17.0626369047619,84,222,7,63,903,0.138455737704918,0.147076404494382,1,84,57136,"HB",8,0.47,62.7,40,5,29.51,2021,2020,"ARI",7,222,88.97,56.798,32.172,"ARI"
7,223,1587850980,"JAX","ClayCh02","Chris Claybrooks","C.Claybrooks",7,223,"JAX",351,0.160691428571429,6713,0.018027671,0.117975776,-74.4143932140196,42,223,7,3,348,0.3295,0.159231988472622,1,49,76692,"CB",12,0.75,54.4,375,31.25,40.8,2020,2020,"JAX",7,223,81.45,65.78214286,15.66785714,"JAX"
7,224,1587851100,"TEN","McDoCo00","Cole McDonald","C.McDonald",7,224,"TEN",340,0.111737202380952,4841,0.01300044,0.108463721,-515.629858058608,32,224,7,11,329,-0.05471,0.116842944785276,1,248,6,"QB",0,0,0,0,0,0,2020,2020,"TEN",7,224,0,47.22,-47.22,"TEN"
7,225,1587851220,"MIN","WillKe06","Kenny Willekes","K.Willekes",7,225,"MIN",365,0.129237845303867,21534,0.057829268,0.114465213,-107.72040452278,33,225,7,7,358,0.10415,0.129660674157303,1,164,35624,"ED",6,0.35,63.1,202,33.67,22.27,2021,2020,"MIN",7,225,22.27,58.337,-36.067,"MIN"
7,226,1587851340,"CHI","HambAr00","Arlington Hambright","A.Hambright",7,226,"CHI",350,0.10824231884058,12731,0.034188929,0.117120924,16.7361562881563,31,226,7,6,344,-0.0902833333333333,0.11175604719764,1,17,60003,"OL",2,0.13,51.6,82,41,6.45,2020,2020,"CHI",7,226,6.45,55.73388889,-49.28388889,"CHI"
7,227,1587851460,"CHI","SimmLa00","Lachavious Simmons","L.Simmons",7,227,"CHI",298,0.143561486486486,12731,0.034188929,0.117120924,16.7361562881563,26,227,7,7,291,0.349671428571429,0.138569204152249,1,176,20919,"OL",2,0.12,30.6,23,11.5,3.6,2021,2020,"CHI",7,227,3.6,55.73388889,-52.13388889,"CHI"
7,228,1587851580,"ATL","HofrSt00","Sterling Hofrichter","S.Hofrichter",7,228,"ATL",490,0.133020533880903,7940,0.021322763,0.078852919,-105.564194139194,43,228,7,3,487,0,0.133845041322314,1,216,33541,"P",16,1,70.2,56,3.5,70.2,2020,2020,"ATL",7,228,77.2,179.62,-102.42,"ATL"
7,229,1587851760,"WAS","SmitJa08","James Smith-Williams","J.Smith-Williams",7,229,"WAS",525,0.09,7335,0.019698044,0.108911643,176.091673153899,49,229,7,3,522,0,0.0903474903474903,1,110,48455,"DI",14,0.88,59.9,100,7.14,52.41,2020,2020,"WAS",7,229,148.52,60.85444444,87.66555556,"WAS"
7,230,1587851940,"NE","WoodDu01","Dustin Woodard","D.Woodard",7,230,"NE",298,0.17303883161512,18402,0.049418324,0.096257174,-139.742911266683,27,230,7,5,293,-0.10846,0.17796013986014,1,247,5,"OL",0,0,0,0,0,0,2020,2020,"NE",7,230,0,55.73388889,-55.73388889,"NE"
7,231,1587852060,"DAL","DiNuBe00","Ben DiNucci","B.DiNucci",7,231,"DAL",343,0.136428869047619,13812,0.03709194,0.111480222,34.4176474358975,31,231,7,6,337,0.17635,0.13570303030303,1,22,34311,"QB",2,0.13,25.6,52,26,3.2,2020,2020,"DAL",7,231,3.2,47.22,-44.02,"DAL"
7,232,1587852180,"PIT","DaviCa03","Carlos Davis","C.Davis",7,232,"PIT",483,0.101904458598726,7495,0.020127722,0.12302311,40.7249343127633,43,232,7,2,481,-0.07655,0.102665458422175,1,37,48662,"DI",7,0.44,60.2,54,7.71,26.34,2020,2020,"PIT",7,232,42.81,60.85444444,-18.04444444,"PIT"
7,233,1587852360,"PHI","ToohCa00","Casey Toohill","C.Toohill",7,233,"PHI",320,0.203023322683706,35223,0.094590893,0.058375155,0.979119876898174,26,233,7,4,316,0.291825,0.201873786407767,1,39,38472,"ED",7,0.44,69.3,51,7.29,30.32,2020,2020,"PHI",7,233,137.61,58.337,79.273,"WAS"
7,234,1587852480,"LA","JohnCl00","Clay Johnston","C.Johnston",7,234,"LA",432,0.178159294117647,3476,0.009334751,0.13010574,NA,40,234,7,3,429,0.486033333333333,0.175970616113744,1,52,25685,"LB",1,0.06,67.2,3,3,4.2,2020,2020,"LAR",7,234,29.68,47.88894737,-18.20894737,"CAR"
7,235,1587852660,"DET","CornJa01","Jashon Cornell","J.Cornell",7,235,"DET",162,0.142001851851852,14503,0.038947612,0.124482496,-160.354850014365,14,235,7,0,162,0,0.142001851851852,0,111,28074,"DI",1,0.06,57.2,4,4,3.36,2021,2020,"DET",7,235,3.36,60.85444444,-57.49444444,"DET"
7,236,1587852720,"GB","ScotVe00","Vernon Scott","V.Scott",7,236,"GB",482,0.1607,33965,0.091212551,0.104027848,-83.8543627329192,33,236,7,2,480,0,0.16137805907173,1,238,43076,"S",10,0.63,57.4,90,9,35.88,2020,2020,"GB",7,236,35.88,72.08833333,-36.20833333,"GB"
7,237,1587852900,"KC","KeyeTh00","Thakarius Keyes","T.Keyes",7,237,"KC",309,0.0881480263157895,6595,0.017710784,0.130861524,42.8800783564262,26,237,7,0,309,0,0.0881480263157895,0,128,43467,"CB",4,0.25,39.1,80,20,9.78,2020,2020,"KC",7,237,14.4,65.78214286,-51.38214286,"KC"
7,238,1587853020,"NYG","BrunTJ00","T.J. Brunson","T.Brunson",7,238,"NYG",291,0.174003135888502,12490,0.033541727,0.126600401,-67.1940311004784,22,238,7,7,284,-0.0327,0.179170714285714,1,217,44198,"LB",1,0.06,58.5,2,2,3.66,2020,2020,"NYG",7,238,3.66,47.88894737,-44.22894737,"NYG"
7,239,1587853140,"BUF","JackDa02","Dane Jackson","D.Jackson",7,239,"BUF",310,0.126943,7532,0.020227085,0.117431424,243.938085741026,24,239,7,2,308,0.8979,0.124364548494983,1,64,32989,"CB",4,0.25,68.4,193,48.25,17.1,2020,2020,"BUF",7,239,112.58,65.78214286,46.79785714,"BUF"
7,240,1587853260,"NO","StevTo01","Tommy Stevens","T.Stevens",7,240,"NO",498,0.123821106557377,6684,0.017949792,0.102622322,-20.479768907563,38,240,7,4,494,0.373375,0.12175867768595,1,251,9,"QB",0,0,0,0,0,0,2020,2020,"NO",7,240,0,47.22,-47.22,"NO"
7,241,1587853440,"TB","RussCh00","Chapelle Russell","C.Russell",7,241,"TB",631,0.159544533762058,5184,0.013921562,0.114079188,-127.933923367912,50,241,7,1,630,0,0.159154267310789,1,44,38876,"LB",2,0.13,29.2,4,2,3.65,2020,2020,"TB",7,241,21.44,47.88894737,-26.44894737,"TB"
7,242,1587853680,"GB","GarvJo00","Jonathan Garvin","J.Garvin",7,242,"GB",157,0.172111038961039,33965,0.091212551,0.104027848,-83.8543627329192,16,242,7,1,156,0,0.167860130718954,1,131,56703,"ED",7,0.44,53.5,85,12.14,23.41,2020,2020,"GB",7,242,115.22,58.337,56.883,"GB"
7,243,1587853740,"TEN","JackCh01","Chris Jackson","C.Jackson",7,243,"TEN",157,0.0979258064516129,4841,0.01300044,0.108463721,-515.629858058608,9,243,7,1,156,0,0.099062987012987,1,50,42512,"CB",9,0.56,32.5,241,26.78,18.28,2020,2020,"TEN",7,243,56.97,65.78214286,-8.812142857,"TEN"
7,244,1587853800,"MIN","StanNa00","Nate Stanley","N.Stanley",7,244,"MIN",501,0.130568163265306,21534,0.057829268,0.114465213,-107.72040452278,41,244,7,15,486,0.429492857142857,0.121776260504202,1,252,10,"QB",0,0,0,0,0,0,2020,2020,"MIN",7,244,0,47.22,-47.22,"MIN"
7,245,1587853980,"TB","CalaRa00","Raymond Calais","R.Calais",7,245,"TB",321,0.190217554858934,5184,0.013921562,0.114079188,-127.933923367912,25,245,7,3,318,0.4909,0.188320504731861,1,253,11,"HB",0,0,0,0,0,0,2020,2020,"TB",7,245,0,56.8,-56.8,"TB"
7,246,1587854100,"MIA","PerrMa00","Malcolm Perry","M.Perry",7,246,"MIA",157,0.109117419354839,14079,0.037808965,0.123932132,-361.1980028972,15,246,7,3,154,0.2827,0.105691447368421,1,184,46513,"WR",8,0.5,57.6,112,14,28.8,2020,2020,"MIA",7,246,28.8,67.252,-38.452,"MIA"
7,247,1587854160,"NYG","WillCh07","Chris Williamson","C.Williamson",7,247,"NYG",690,0.157195447870778,12490,0.033541727,0.126600401,-67.1940311004784,64,247,7,7,683,0.4273,0.154390207715134,1,51,49490,"CB",4,0.24,50.5,55,13.75,11.88,2021,2020,"NYG",7,247,11.88,65.78214286,-53.90214286,"ATL"
7,248,1587854460,"LA","SlomSa00","Sam Sloman","S.Sloman",7,248,"LA",162,0.128430434782609,3476,0.009334751,0.13010574,NA,10,248,7,3,159,-0.2199,0.135044303797468,1,NA,NA,NA,NA,NA,NA,NA,NA,NA,NA,NA,NA,NA,NA,NA,NA,NA,NA
7,249,1587854520,"MIN","ColeBr01","Brian Cole II","B.II",7,249,"MIN",612,0.147373841059603,21534,0.057829268,0.114465213,-107.72040452278,58,249,7,5,607,0.20695,0.146976666666667,1,254,13,"LB",0,0,0,0,0,0,2020,2020,"MIN",7,249,0,47.88894737,-47.88894737,"MIN"
7,250,1587854760,"LA","AnchTr00","Tremayne Anchrum","T.Anchrum",7,250,"LA",389,0.154023376623377,3476,0.009334751,0.13010574,NA,25,250,7,1,388,0,0.154023376623377,1,NA,NA,NA,NA,NA,NA,NA,NA,NA,NA,NA,NA,NA,NA,NA,NA,NA,NA
7,251,1587854940,"SEA","SullSt00","Stephen Sullivan","S.Sullivan",7,251,"SEA",168,0.160912883435583,13602,0.036527988,0.106199573,72.7584269974092,15,251,7,3,165,0.54855,0.15609751552795,1,215,40411,"TE",3,0.18,43,29,9.67,7.59,2021,2020,"SEA",7,251,49.76,62.88,-13.12,"CAR"
7,252,1587855000,"DEN","ClevTy00","Tyrie Cleveland","T.Cleveland",7,252,"DEN",167,0.0702945121951219,10740,0.028842126,0.129802805,-187.268660664202,17,252,7,6,161,0.148083333333333,0.0673405063291139,1,236,42134,"WR",7,0.44,76.2,33,4.71,33.34,2020,2020,"DEN",7,252,60.84,67.252,-6.412,"DEN"
7,253,1587855060,"MIN","HintKy00","Kyle Hinton","K.Hinton",7,253,"MIN",158,0.175337419354839,21534,0.057829268,0.114465213,-107.72040452278,13,253,7,0,158,0,0.175337419354839,0,173,83163,"OL",1,0.06,70.1,34,34,4.12,2022,2020,"MIN",7,253,4.12,55.73388889,-51.61388889,"MIN"
7,254,1587855120,"DEN","TuszDe00","Derrek Tuszka","D.Tuszka",7,254,"DEN",1117,0.162059582198002,10740,0.028842126,0.129802805,-187.268660664202,82,254,7,9,1108,-0.0945125,0.163937511436414,1,76,37724,"ED",6,0.38,49.2,27,4.5,18.45,2020,2020,"DEN",7,254,105.19,58.337,46.853,"DEN"
7,255,1587855600,"NYG","CrowTa00","Tae Crowder","T.Crowder",7,255,"NYG",18806,0.170184281101199,12490,0.033541727,0.126600401,-67.1940311004784,1740,255,7,29,18777,0.155846153846154,0.17020471362017,1,218,35774,"LB",10,0.63,36.4,403,40.3,22.75,2020,2020,"NYG",7,255,72.74,47.88894737,24.85105263,"NYG"
