round.x,pick.x,timestamp,team,playerid,full_name,name,associated_round,associated_pick,associated_team,count_text,mean_sentiment,comment_count,Team_Sentiment_Comment_Proportion,Team_Sentiment_Mean,offensive_word_count,pick.y,round.y,Direct_mentions,Indirect_mentions,avg_sentiment_direct_mentions,avg_sentiment_indirect_mentions,Direct_mention_binary
1,1,1587687900,CIN,BurrJo01,Joe Burrow,J.Burrow,1,1,CIN,3259,0.040459622,6597,0.017716155,0.145045598,292,1,1,463,2796,0.092544565,0.031800759,1
1,2,1587688380,WAS,YounCh04,Chase Young,C.Young,1,2,WAS,15533,0.026324719,7335,0.019698044,0.108911643,1545,2,1,369,15164,0.11024065,0.024261487,1
1,3,1587688680,DET,OkudJe00,Jeff Okudah,J.Okudah,1,3,DET,4942,0.066264659,14503,0.038947612,0.124482496,436,3,1,195,4747,0.086561979,0.06543953,1
1,4,1587689280,NYG,ThomAn02,Andrew Thomas,A.Thomas,1,4,NYG,4268,0.062807589,12490,0.033541727,0.126600401,396,4,1,219,4049,0.221470642,0.054214161,1
1,5,1587689700,MIA,TagoTu00,Tua Tagovailoa,T.Tagovailoa,1,5,MIA,4223,0.070613194,14079,0.037808965,0.123932132,391,5,1,686,3537,0.101387556,0.064718558,1
1,6,1587690120,LAC,HerbJu00,Justin Herbert,J.Herbert,1,6,LAC,4667,0.08682534,7817,0.020992448,0.13591072,485,6,1,430,4237,0.148356776,0.080562449,1
1,7,1587690600,CAR,BrowDe05,Derrick Brown,D.Brown,1,7,CAR,3013,0.0831667,6452,0.017326759,0.12620506,315,7,1,162,2851,0.147845963,0.079498732,1
1,8,1587690900,ARI,SimmIs00,Isaiah Simmons,I.Simmons,1,8,ARI,4716,0.086658851,5532,0.014856112,0.138027594,512,8,1,452,4264,0.118255481,0.083324646,1
1,9,1587691380,JAX,HendCJ00,C.J. Henderson,C.Henderson,1,9,JAX,2470,0.048636234,6713,0.018027671,0.117975776,259,9,1,97,2373,0.077601053,0.047466808,1
1,10,1587691620,CLE,WillJe04,Jedrick Wills Jr.,J.Jr.,1,10,CLE,4691,0.085409481,12133,0.032583008,0.112528068,449,10,1,177,4514,0.150345143,0.082876889,1
1,11,1587692100,NYJ,BectMe00,Mekhi Becton,M.Becton,1,11,NYJ,3320,0.061739211,14679,0.039420257,0.113141363,375,11,1,216,3104,0.070057746,0.061164309,1
1,12,1587692400,LV,RuggHe00,Henry Ruggs III,H.III,1,12,LV,6393,0.068693932,11083,0.029763248,0.107186085,667,12,1,452,5941,0.142508204,0.063045775,1
1,13,1587693000,TB,WirfTr00,Tristan Wirfs,T.Wirfs,1,13,TB,4954,0.093290197,5184,0.013921562,0.114079188,431,13,1,283,4671,0.05952305,0.095344639,1
1,14,1587693540,SF,KinlJa00,Javon Kinlaw,J.Kinlaw,1,14,SF,3416,0.054520118,16341,0.043883536,0.113882776,403,14,1,164,3252,0.112098148,0.051639438,1
1,15,1587693840,DEN,JeudJe00,Jerry Jeudy,J.Jeudy,1,15,DEN,5456,0.083437783,10740,0.028842126,0.129802805,581,15,1,423,5033,0.112103563,0.081028942,1
1,16,1587694380,ATL,TerrAJ00,AJ Terrell,A.Terrell,1,16,ATL,3341,0.083404099,7940,0.021322763,0.078852919,341,16,1,70,3271,0.137586957,0.082253401,1
1,17,1587694740,DAL,LambCe00,CeeDee Lamb,C.Lamb,1,17,DAL,5835,0.02972724,13812,0.03709194,0.111480222,753,17,1,485,5350,0.030672083,0.029641878,1
1,18,1587695280,MIA,JackAu00,Austin Jackson,A.Jackson,1,18,MIA,2720,0.093777811,14079,0.037808965,0.123932132,284,18,1,95,2625,0.173051087,0.090966268,1
1,19,1587695580,LV,ArneDa00,Damon Arnette,D.Arnette,1,19,LV,4580,0.092779341,11083,0.029763248,0.107186085,402,19,1,87,4493,0.195081176,0.090831825,1
1,20,1587696060,JAX,ChaiKL00,K'Lavon Chaisson,K.Chaisson,1,20,JAX,2824,0.111454646,6713,0.018027671,0.117975776,271,20,1,61,2763,0.065494828,0.112427518,1
1,21,1587696420,PHI,ReagJa00,Jalen Reagor,J.Reagor,1,21,PHI,4633,0.093853219,35223,0.094590893,0.058375155,467,21,1,252,4381,0.175307171,0.089149988,1
1,22,1587696900,MIN,JeffJu00,Justin Jefferson,J.Jefferson,1,22,MIN,3013,0.085388338,21534,0.057829268,0.114465213,324,22,1,152,2861,0.121018667,0.08350247,1
1,23,1587697200,LAC,MurrKe00,Kenneth Murray,K.Murray,1,23,LAC,4815,0.111254046,7817,0.020992448,0.13591072,483,23,1,178,4637,0.140204571,0.110151469,1
1,24,1587697740,NO,RuizCe00,Cesar Ruiz,C.Ruiz,1,24,NO,3141,0.076208974,6684,0.017949792,0.102622322,339,24,1,122,3019,0.074655738,0.076272181,1
1,25,1587698100,SF,AiyuBr00,Brandon Aiyuk,B.Aiyuk,1,25,SF,5075,0.098733121,16341,0.043883536,0.113882776,472,25,1,144,4931,0.172192908,0.096614522,1
1,26,1587698640,GB,LoveJo03,Jordan Love,J.Love,1,26,GB,6885,0.059472831,33965,0.091212551,0.104027848,838,26,1,610,6275,0.482484983,0.018319297,1
1,27,1587699240,SEA,BrooJo01,Jordyn Brooks,J.Brooks,1,27,SEA,4481,0.100938475,13602,0.036527988,0.106199573,462,27,1,58,4423,0.127491071,0.100599841,1
1,28,1587699720,BAL,QueePa00,Patrick Queen,P.Queen,1,28,BAL,3303,0.108882907,12762,0.034272179,0.109538109,368,28,1,196,3107,0.108822564,0.108886718,1
1,29,1587700080,TEN,WilsIs00,Isaiah Wilson,I.Wilson,1,29,TEN,4927,0.105002651,4841,0.01300044,0.108463721,563,29,1,69,4858,0.116262687,0.104845447,1
1,30,1587700680,MIA,IgbiNo00,Noah Igbinoghene,N.Igbinoghene,1,30,MIA,35196,0.160622032,14079,0.037808965,0.123932132,3677,30,1,101,35095,0.217729293,0.160458958,1
1,31,1587614520,MIN,GladJe00,Jeff Gladney,J.Gladney,1,31,MIN,NA,NA,NA,NA,NA,NA,NA,NA,NA,NA,NA,NA,NA
1,32,1587615000,KC,EdwaCl00,Clyde Edwards-Helaire,C.Edwards-Helaire,1,32,KC,NA,NA,NA,NA,NA,NA,NA,NA,NA,NA,NA,NA,NA
2,33,1587770160,CIN,HiggTe00,Tee Higgins,T.Higgins,2,33,CIN,789,0.057348153,6597,0.017716155,0.145045598,74,33,2,106,683,0.113547619,0.048670294,1
2,34,1587770340,IND,PittMi01,Michael Pittman Jr.,M.Jr.,2,34,IND,1511,0.108947176,9313,0.025009936,0.130396679,150,34,2,119,1392,0.123382203,0.107719106,1
2,35,1587770640,DET,SwifDA00,D'Andre Swift,D.Swift,2,35,DET,2529,0.115143713,14503,0.038947612,0.124482496,214,35,2,231,2298,0.189061333,0.107849211,1
2,36,1587771060,NYG,McKiXa00,Xavier McKinney,X.McKinney,2,36,NYG,718,0.082716596,12490,0.033541727,0.126600401,72,36,2,26,692,0.063426923,0.083448759,1
2,37,1587771180,NE,DuggKy00,Kyle Dugger,K.Dugger,2,37,NE,972,0.106978446,18402,0.049418324,0.096257174,85,37,2,22,950,-0.067852381,0.110867691,1
2,38,1587771300,CAR,GrosYe00,Yetur Gross-Matos,Y.Gross-Matos,2,38,CAR,3504,0.044632141,6452,0.017326759,0.12620506,317,38,2,14,3490,0.055576923,0.044590935,1
2,39,1587771780,MIA,HuntRo01,Robert Hunt,R.Hunt,2,39,MIA,757,0.118088282,14079,0.037808965,0.123932132,66,39,2,28,729,0.189992857,0.115303596,1
2,40,1587771900,HOU,BlacRo00,Ross Blacklock,R.Blacklock,2,40,HOU,1134,0.096575022,5066,0.013604675,0.09754653,83,40,2,46,1088,0.054497826,0.098375535,1
2,41,1587772080,IND,TaylJo02,Jonathan Taylor,J.Taylor,2,41,IND,3186,0.119200222,9313,0.025009936,0.130396679,259,41,2,181,3005,0.171611236,0.11606858,1
2,42,1587772560,JAX,ShenLa00,Laviska Shenault Jr.,L.Jr.,2,42,JAX,1745,0.008465643,6713,0.018027671,0.117975776,173,42,2,48,1697,0.019195652,0.008171845,1
2,43,1587772800,CHI,KmetCo00,Cole Kmet,C.Kmet,2,43,CHI,2642,0.075860952,12731,0.034188929,0.117120924,231,43,2,107,2535,0.098894393,0.074882168,1
2,44,1587773160,CLE,DelpGr00,Grant Delpit,G.Delpit,2,44,CLE,1116,0.072304265,12133,0.032583008,0.112528068,108,44,2,71,1045,0.001605714,0.077099709,1
2,45,1587773340,TB,WinfAn00,Antoine Winfield Jr.,A.Jr.,2,45,TB,1226,0.12392459,5184,0.013921562,0.114079188,94,45,2,74,1152,0.102582432,0.125302705,1
2,46,1587773520,DEN,HamlKJ00,KJ Hamler,K.Hamler,2,46,DEN,2863,0.114058445,10740,0.028842126,0.129802805,220,46,2,71,2792,-0.003953521,0.117082209,1
2,47,1587773880,ATL,DaviMa01,Marlon Davidson,M.Davidson,2,47,ATL,1383,0.093487673,7940,0.021322763,0.078852919,122,47,2,19,1364,0.178441176,0.092421049,1
2,48,1587774060,SEA,TaylDa00,Darrell Taylor,D.Taylor,2,48,SEA,2134,0.111815894,13602,0.036527988,0.106199573,171,48,2,38,2096,0.255130556,0.109333061,1
2,49,1587774360,PIT,ClayCh01,Chase Claypool,C.Claypool,2,49,PIT,1382,0.110345508,7495,0.020127722,0.12302311,129,49,2,76,1306,0.125594737,0.109449188,1
2,50,1587774540,CHI,JohnJa13,Jaylon Johnson,J.Johnson,2,50,CHI,2975,0.118383373,12731,0.034188929,0.117120924,230,50,2,88,2887,0.239926136,0.114642288,1
2,51,1587774960,DAL,DiggTr00,Trevon Diggs,T.Diggs,2,51,DAL,1269,0.064117025,13812,0.03709194,0.111480222,119,51,2,66,1203,0.060395385,0.064319966,1
2,52,1587775140,LA,AkerCa00,Cam Akers,C.Akers,2,52,LA,1063,0.060039623,3476,0.009334751,0.13010574,103,52,2,52,1011,0.144405769,0.055687401,1
2,53,1587775260,PHI,HurtJa00,Jalen Hurts,J.Hurts,2,53,PHI,3568,0.004609325,35223,0.094590893,0.058375155,388,53,2,329,3239,-0.200797561,0.025591405,1
2,54,1587775620,BUF,EpenAJ00,A.J. Epenesa,A.Epenesa,2,54,BUF,3628,0.062041616,7532,0.020227085,0.117431424,372,54,2,104,3524,0.120579808,0.060301201,1
2,55,1587776040,BAL,DobbJK00,J.K. Dobbins,J.Dobbins,2,55,BAL,1557,0.060415329,12762,0.034272179,0.109538109,148,55,2,76,1481,0.063303947,0.060264653,1
2,56,1587776220,MIA,DaviRa03,Raekwon Davis,R.Davis,2,56,MIA,3199,0.091674835,14079,0.037808965,0.123932132,300,56,2,60,3139,0.02285,0.092998814,1
2,57,1587776640,LA,JeffVa00,Van Jefferson,V.Jefferson,2,57,LA,839,0.051117732,3476,0.009334751,0.13010574,82,57,2,40,799,0.151894872,0.046142658,1
2,58,1587776760,MIN,ClevEz00,Ezra Cleveland,E.Cleveland,2,58,MIN,3597,0.0861746,21534,0.057829268,0.114465213,343,58,2,119,3478,0.051883929,0.087287482,1
2,59,1587777240,NYJ,MimsDe00,Denzel Mims,D.Mims,2,59,NYJ,1622,0.061157702,14679,0.039420257,0.113141363,192,59,2,125,1497,0.028490244,0.063859852,1
2,60,1587777420,NE,UcheJo00,Josh Uche,J.Uche,2,60,NE,2793,0.084255572,18402,0.049418324,0.096257174,266,60,2,121,2672,0.096791453,0.083703351,1
2,61,1587777780,TEN,FultKr00,Kristian Fulton,K.Fulton,2,61,TEN,1322,0.074042198,4841,0.01300044,0.108463721,125,61,2,53,1269,0.053611765,0.07487576,1
2,62,1587777960,GB,DillAJ00,AJ Dillon,A.Dillon,2,62,GB,3061,0.064482142,33965,0.091212551,0.104027848,334,62,2,73,2988,0.080617808,0.06408447,1
2,63,1587778320,KC,GayJWi00,Willie Gay Jr.,W.Jr.,2,63,KC,2859,0.083076448,6595,0.017710784,0.130861524,271,63,2,114,2745,0.051387156,0.08434495,1
2,64,1587778680,CAR,ChinJe00,Jeremy Chinn,J.Chinn,2,64,CAR,829,0.104123422,6452,0.017326759,0.12620506,84,64,2,30,799,0.05832,0.10585403,1
3,65,1587778800,CIN,WilsLo00,Logan Wilson,L.Wilson,3,65,CIN,807,0.088748371,6597,0.017716155,0.145045598,70,65,3,30,777,0.168748276,0.085731469,1
3,66,1587778920,WAS,GibsAn00,Antonio Gibson,A.Gibson,3,66,WAS,2206,0.106604201,7335,0.019698044,0.108911643,188,66,3,39,2167,0.087977143,0.106906729,1
3,67,1587779220,DET,OkwaJu00,Julian Okwara,J.Okwara,3,67,DET,1125,0.117055903,14503,0.038947612,0.124482496,108,67,3,39,1086,0.157991667,0.1156939,1
3,68,1587779400,NYJ,DaviAs00,Ashtyn Davis,A.Davis,3,68,NYJ,834,0.131468599,14679,0.039420257,0.113141363,105,68,3,23,811,0.246172727,0.128337717,1
3,69,1587779520,SEA,LewiDa05,Damien Lewis,D.Lewis,3,69,SEA,2437,0.148372512,13602,0.036527988,0.106199573,195,69,3,50,2387,0.136081633,0.14862738,1
3,70,1587779880,MIA,JoneBr06,Brandon Jones,B.Jones,3,70,MIA,704,0.150004286,14079,0.037808965,0.123932132,54,70,3,41,663,0.0985875,0.153120455,1
3,71,1587780000,BAL,MaduJu00,Justin Madubuike,J.Madubuike,3,71,BAL,733,0.121264325,12762,0.034272179,0.109538109,55,71,3,10,723,0.137033333,0.121066388,1
3,72,1587780120,ARI,JoneJo07,Josh Jones,J.Jones,3,72,ARI,2936,0.105459302,5532,0.014856112,0.138027594,296,72,3,146,2790,0.098755172,0.105813178,1
3,73,1587780600,JAX,HamiDa02,DaVon Hamilton,D.Hamilton,3,73,JAX,754,0.0997556,6713,0.018027671,0.117975776,58,73,3,5,749,-0.08555,0.100749196,1
3,74,1587780720,NO,BaunZa00,Zack Baun,Z.Baun,3,74,NO,1074,0.088448117,6684,0.017949792,0.102622322,111,74,3,78,996,0.099096154,0.087604065,1
3,75,1587780900,DET,JackJo03,Jonah Jackson,J.Jackson,3,75,DET,682,0.126433678,14503,0.038947612,0.124482496,60,75,3,9,673,-0.136225,0.129574589,1
3,76,1587781020,TB,VaugKe00,Ke'Shawn Vaughn,K.Vaughn,3,76,TB,1722,0.127150942,5184,0.013921562,0.114079188,164,76,3,15,1707,0.185114286,0.126669062,1
3,77,1587781320,DEN,OjemMi00,Michael Ojemudia,M.Ojemudia,3,77,DEN,2506,0.127968737,10740,0.028842126,0.129802805,237,77,3,10,2496,0.134666667,0.127944332,1
3,78,1587780900,ATL,HennMa00,Matt Hennessy,M.Hennessy,3,78,ATL,NA,NA,NA,NA,NA,NA,NA,NA,NA,NA,NA,NA,NA
3,79,1587781800,NYJ,ZuniJa00,Jabari Zuniga,J.Zuniga,3,79,NYJ,926,0.13307709,14679,0.039420257,0.113141363,76,79,3,17,909,0.02626875,0.134965414,1
3,80,1587781980,LV,BowdLy00,Lynn Bowden Jr.,L.Jr.,3,80,LV,882,0.10540725,11083,0.029763248,0.107186085,79,80,3,36,846,0.049885714,0.10773729,1
3,81,1587782160,LV,EdwaBr01,Bryan Edwards,B.Edwards,3,81,LV,682,0.113360863,11083,0.029763248,0.107186085,58,81,3,18,664,0.026472222,0.115752294,1
3,82,1587782280,DAL,GallNe00,Neville Gallimore,N.Gallimore,3,82,DAL,2023,0.121863541,13812,0.03709194,0.111480222,175,82,3,40,1983,0.144735,0.121397964,1
3,83,1587782640,DEN,CushLl00,Lloyd Cushenberry III,L.III,3,83,DEN,909,0.124323145,10740,0.028842126,0.129802805,88,83,3,20,889,0.215525,0.122257418,1
3,84,1587782820,LA,LewiTe00,Terrell Lewis,T.Lewis,3,84,LA,630,0.116656619,3476,0.009334751,0.13010574,54,84,3,13,617,0.055661538,0.117948046,1
3,85,1587782940,IND,BlacJu01,Julian Blackmon,J.Blackmon,3,85,IND,874,0.144453341,9313,0.025009936,0.130396679,84,85,3,11,863,0.00649,0.146061305,1
3,86,1587783120,BUF,MossZa00,Zack Moss,Z.Moss,3,86,BUF,792,0.13353798,7532,0.020227085,0.117431424,59,86,3,36,756,0.075680556,0.136330027,1
3,87,1587783300,NE,JennAn00,Anfernee Jennings,A.Jennings,3,87,NE,2545,0.123257905,18402,0.049418324,0.096257174,215,87,3,25,2520,0.057373913,0.123862345,1
3,88,1587783840,CLE,ElliJo02,Jordan Elliott,J.Elliott,3,88,CLE,600,0.103978378,12133,0.032583008,0.112528068,49,88,3,8,592,0.262285714,0.102084103,1
3,89,1587783960,MIN,DantCa00,Cameron Dantzler,C.Dantzler,3,89,MIN,566,0.108677442,21534,0.057829268,0.114465213,40,89,3,23,543,0.179904348,0.105643704,1
3,90,1587784080,HOU,GreeJo04,Jonathan Greenard,J.Greenard,3,90,HOU,618,0.064760884,5066,0.013604675,0.09754653,45,90,3,8,610,0.0293875,0.065230182,1
3,91,1587784200,NE,AsiaDe00,Devin Asiasi,D.Asiasi,3,91,NE,1719,0.101924176,18402,0.049418324,0.096257174,154,91,3,25,1694,0.159495833,0.101099761,1
3,92,1587784500,BAL,DuveDe00,Devin Duvernay,D.Duvernay,3,92,BAL,2393,0.102018602,12762,0.034272179,0.109538109,221,92,3,77,2316,0.102855263,0.101990762,1
3,93,1587784980,TEN,EvanDa02,Darrynton Evans,D.Evans,3,93,TEN,556,0.113425458,4841,0.01300044,0.108463721,48,93,3,2,554,0.21075,0.113067647,1
3,94,1587785100,GB,DeguJo00,Josiah Deguara,J.Deguara,3,94,GB,1531,0.115087003,33965,0.091212551,0.104027848,160,94,3,14,1517,0.148585714,0.114773092,1
3,95,1587785400,DEN,AgimMc00,McTelvin Agim,M.Agim,3,95,DEN,604,0.113932609,10740,0.028842126,0.129802805,41,95,3,7,597,-0.091242857,0.116362775,1
3,96,1587785520,KC,NianLu00,Lucas Niang,L.Niang,3,96,KC,705,0.11806291,6595,0.017710784,0.130861524,52,96,3,19,686,0.080252632,0.119116276,1
3,97,1587785640,CLE,PhilJa01,Jacob Phillips,J.Phillips,3,97,CLE,1147,0.115206903,12133,0.032583008,0.112528068,119,97,3,14,1133,0.110653846,0.115259893,1
3,98,1587785880,BAL,HarrMa06,Malik Harrison,M.Harrison,3,98,BAL,254,0.131643254,12762,0.034272179,0.109538109,25,98,3,8,246,0.229785714,0.128839184,1
3,99,1587786000,NYG,PearMa00,Matt Peart,M.Peart,3,99,NYG,612,0.088096205,12490,0.033541727,0.126600401,53,99,3,22,590,0.162580952,0.085422393,1
3,100,1587786120,LV,MuseTa00,Tanner Muse,T.Muse,3,100,LV,1877,0.111040097,11083,0.029763248,0.107186085,174,100,3,37,1840,0.09184,0.111408722,1
3,101,1587786480,NE,KeenDa00,Dalton Keene,D.Keene,3,101,NE,859,0.126499527,18402,0.049418324,0.096257174,69,101,3,23,836,0.082618182,0.127671117,1
3,102,1587786660,PIT,HighAl02,Alex Highsmith,A.Highsmith,3,102,PIT,263,0.12174636,7495,0.020127722,0.12302311,23,102,3,7,256,-0.067166667,0.126191373,1
3,103,1587786720,PHI,TaylDa01,Davion Taylor,D.Taylor,3,103,PHI,562,0.131434477,35223,0.094590893,0.058375155,51,103,3,3,559,0.143133333,0.13137078,1
3,104,1587786840,LA,BurgTe00,Terrell Burgess,T.Burgess,3,104,LA,534,0.152737051,3476,0.009334751,0.13010574,55,104,3,5,529,-0.0748,0.154470667,1
3,105,1587786960,NO,TrauAd00,Adam Trautman,A.Trautman,3,105,NO,691,0.089485147,6684,0.017949792,0.102622322,40,105,3,2,689,0,0.089749115,1
3,106,1587787080,BAL,PhilTy00,Tyre Phillips,T.Phillips,3,106,BAL,16608,0.160151867,12762,0.034272179,0.109538109,1695,106,3,58,16550,0.289335714,0.15970829,1
4,107,1587830940,CIN,DaviAk01,Akeem Davis-Gaither,A.Davis-Gaither,4,107,CIN,1,NA,6597,0.017716155,0.145045598,NA,107,4,0,1,0,0,0
4,108,1587831180,WAS,CharSa00,Saahdiq Charles,S.Charles,4,108,WAS,211,0.155312019,7335,0.019698044,0.108911643,13,108,4,2,209,0.5719,0.153299517,1
4,109,1587831360,LV,SimpJo00,John Simpson,J.Simpson,4,109,LV,1385,0.139155733,11083,0.029763248,0.107186085,115,109,4,25,1360,0.230475,0.137537075,1
4,110,1587831720,NYG,HolmDa01,Darnay Holmes,D.Holmes,4,110,NYG,413,0.127098786,12490,0.033541727,0.126600401,29,110,4,5,408,-0.04948,0.129268059,1
4,111,1587831840,MIA,KindSo00,Solomon Kindley,S.Kindley,4,111,MIA,202,0.116424747,14079,0.037808965,0.123932132,14,111,4,2,200,0,0.117612755,1
4,112,1587831900,LAC,KellJo01,Joshua Kelley,J.Kelley,4,112,LAC,600,0.146139562,7817,0.020992448,0.13591072,49,112,4,3,597,0.401133333,0.144845178,1
4,113,1587832080,CAR,PridTr00,Troy Pride Jr.,T.Jr.,4,113,CAR,431,0.14847217,6452,0.017326759,0.12620506,40,113,4,11,420,0.33106,0.144061836,1
4,114,1587832200,ARI,FotuLe00,Leki Fotu,L.Fotu,4,114,ARI,219,0.178213023,5532,0.014856112,0.138027594,21,114,4,5,214,-0.0433,0.183487143,1
4,115,1587832260,CLE,BryaHa00,Harrison Bryant,H.Bryant,4,115,CLE,674,0.13777988,12133,0.032583008,0.112528068,51,115,4,11,663,0.25549,0.135985518,1
4,116,1587832440,JAX,BartBe00,Ben Bartch,B.Bartch,4,116,JAX,854,0.170099643,6713,0.018027671,0.117975776,57,116,4,25,829,0.166516667,0.170204896,1
4,117,1587832680,MIN,WonnDJ00,D.J. Wonnum,D.Wonnum,4,117,MIN,295,0.084912628,21534,0.057829268,0.114465213,23,117,4,14,281,0.267614286,0.075744803,1
4,118,1587832740,DEN,OkwuAl00,Albert Okwuegbunam,A.Okwuegbunam,4,118,DEN,648,0.134484555,10740,0.028842126,0.129802805,64,118,4,10,638,0.137133333,0.134446835,1
4,119,1587832920,ATL,WalkMy00,Mykal Walker,M.Walker,4,119,ATL,870,0.164699073,7940,0.021322763,0.078852919,63,119,4,3,867,0.324966667,0.16414,1
4,120,1587833160,NYJ,PeriLa00,La'Mical Perine,L.Perine,4,120,NYJ,403,0.098829114,14679,0.039420257,0.113141363,37,120,4,5,398,0.26732,0.096668974,1
4,121,1587833280,DET,StenLo00,Logan Stenberg,L.Stenberg,4,121,DET,1089,0.165654198,14503,0.038947612,0.124482496,74,121,4,14,1075,0.2205,0.16508558,1
4,122,1587833580,IND,EasoJa00,Jacob Eason,J.Eason,4,122,IND,727,0.165708811,9313,0.025009936,0.130396679,60,122,4,84,643,0.159054217,0.166582753,1
4,123,1587833760,DAL,RobiRe00,Reggie Robinson II,R.II,4,123,DAL,897,0.159589314,13812,0.03709194,0.111480222,76,123,4,13,884,0.178108333,0.159335918,1
4,124,1587834000,PIT,McFaAn00,Anthony McFarland Jr.,A.Jr.,4,124,PIT,992,0.15261209,7495,0.020127722,0.12302311,65,124,4,13,979,0.1451,0.152705602,1
4,125,1587834240,NYJ,MorgJa00,James Morgan,J.Morgan,4,125,NYJ,1277,0.149873497,14679,0.039420257,0.113141363,100,125,4,30,1247,0.175110345,0.149280891,1
4,126,1587834540,HOU,HeckCh00,Charlie Heck,C.Heck,4,126,HOU,707,0.133425793,5066,0.013604675,0.09754653,55,126,4,38,669,0.076380556,0.136546809,1
4,127,1587834720,PHI,WallKV00,K'Von Wallace,K.Wallace,4,127,PHI,728,0.172530939,35223,0.094590893,0.058375155,53,127,4,15,713,0.167014286,0.172639718,1
4,128,1587834900,BUF,DaviGa01,Gabriel Davis,G.Davis,4,128,BUF,850,0.16258943,7532,0.020227085,0.117431424,53,128,4,14,836,0.06105,0.16405747,1
4,129,1587835140,NYJ,ClarCa00,Cameron Clark,C.Clark,4,129,NYJ,399,0.181110101,14679,0.039420257,0.113141363,22,129,4,4,395,0.1101,0.181834694,1
4,130,1587835260,MIN,LyncJa00,James Lynch,J.Lynch,4,130,MIN,763,0.177306974,21534,0.057829268,0.114465213,76,130,4,31,732,0.377753333,0.169069452,1
4,131,1587835440,ARI,LawrRa01,Rashard Lawrence,R.Lawrence,4,131,ARI,460,0.159100443,5532,0.014856112,0.138027594,36,131,4,7,453,0.117583333,0.159660225,1
4,132,1587835560,MIN,DyexTr00,Troy Dye,T.Dye,4,132,MIN,435,0.159959765,21534,0.057829268,0.114465213,27,132,4,18,417,0.192935294,0.158585784,1
4,133,1587835680,SEA,ParkCo02,Colby Parkinson,C.Parkinson,4,133,SEA,1318,0.078195706,13602,0.036527988,0.106199573,155,133,4,13,1305,0.187658333,0.077179025,1
4,134,1587835980,ATL,HawkJa00,Jaylinn Hawkins,J.Hawkins,4,134,ATL,293,0.097415225,7940,0.021322763,0.078852919,37,134,4,3,290,0,0.097753472,1
4,135,1587836040,PIT,DotsKe00,Kevin Dotson,K.Dotson,4,135,PIT,987,0.129266323,7495,0.020127722,0.12302311,94,135,4,14,973,-0.066683333,0.131718248,1
4,136,1587836280,LA,HopkBr01,Brycen Hopkins,B.Hopkins,4,136,LA,637,0.153372727,3476,0.009334751,0.13010574,48,136,4,7,630,0.36385,0.15133913,1
4,137,1587836460,JAX,ScotJo00,Josiah Scott,J.Scott,4,137,JAX,893,0.136056883,6713,0.018027671,0.117975776,76,137,4,11,882,0.188933333,0.135509885,1
4,138,1587836700,KC,SneeLJ00,L'Jarius Sneed,L.Sneed,4,138,KC,377,0.135160484,6595,0.017710784,0.130861524,28,138,4,1,376,0,0.135524798,1
4,139,1587836820,LV,RobeAm00,Amik Robertson,A.Robertson,4,139,LV,460,0.093386031,11083,0.029763248,0.107186085,46,139,4,9,451,0.070833333,0.093845249,1
4,140,1587836940,JAX,QuarSh00,Shaquille Quarterman,S.Quarterman,4,140,JAX,424,0.148373621,6713,0.018027671,0.117975776,41,140,4,4,420,0.296075,0.146943099,1
4,141,1587837060,HOU,ReidJo00,John Reid,J.Reid,4,141,HOU,614,0.143171782,5066,0.013604675,0.09754653,36,141,4,22,592,0.061081818,0.146264212,1
4,142,1587837240,WAS,GandAn00,Antonio Gandy-Golden,A.Gandy-Golden,4,142,WAS,795,0.148946743,7335,0.019698044,0.108911643,66,142,4,8,787,-0.042285714,0.150671778,1
4,143,1587837480,BAL,BredBe00,Ben Bredeson,B.Bredeson,4,143,BAL,193,0.160979058,12762,0.034272179,0.109538109,15,143,4,6,187,0.00872,0.165072043,1
4,144,1587837540,SEA,DallDe00,DeeJay Dallas,D.Dallas,4,144,SEA,1247,0.174362582,13602,0.036527988,0.106199573,105,144,4,31,1216,0.135177778,0.175246449,1
4,145,1587837960,PHI,DrisJa00,Jack Driscoll,J.Driscoll,4,145,PHI,602,0.115320608,35223,0.094590893,0.058375155,47,145,4,28,574,-0.037939286,0.122929255,1
4,146,1587838140,DAL,BiadTy00,Tyler Biadasz,T.Biadasz,4,146,DAL,839,0.113993341,13812,0.03709194,0.111480222,77,146,4,38,801,0.150197368,0.112247462,1
5,147,1587838320,CIN,KareKh00,Khalid Kareem,K.Kareem,5,147,CIN,258,0.157883268,6597,0.017716155,0.145045598,26,147,5,0,258,0,0.157883268,0
5,148,1587838380,SEA,RobiAl03,Alton Robinson,A.Robinson,5,148,SEA,482,0.13126,13602,0.036527988,0.106199573,40,148,5,8,474,0.165675,0.130676695,1
5,149,1587838500,IND,PintDa00,Danny Pinter,D.Pinter,5,149,IND,892,0.130387016,9313,0.025009936,0.130396679,66,149,5,1,891,0,0.129974002,1
5,150,1587838740,NYG,LemiSh00,Shane Lemieux,S.Lemieux,5,150,NYG,229,0.134524444,12490,0.033541727,0.126600401,13,150,5,2,227,0,0.135125,1
5,151,1587838800,LAC,ReedJo03,Joe Reed,J.Reed,5,151,LAC,450,0.126452928,7817,0.020992448,0.13591072,40,151,5,11,439,0.1235,0.126520968,1
5,152,1587838920,CAR,RobiKe02,Kenny Robinson Jr.,K.Jr.,5,152,CAR,1040,0.185240409,6452,0.017326759,0.12620506,69,152,5,11,1029,0.31637,0.183951032,1
5,153,1587839220,SF,McKiCo00,Colton McKivitz,C.McKivitz,5,153,SF,676,0.150125484,16341,0.043883536,0.113882776,61,153,5,1,675,0,0.150349552,1
5,154,1587839400,MIA,StroJa02,Jason Strowbridge,J.Strowbridge,5,154,MIA,725,0.137891136,14079,0.037808965,0.123932132,54,154,5,16,709,0.271026667,0.135066478,1
5,155,1587839580,CHI,GipsTr00,Trevis Gipson,T.Gipson,5,155,CHI,471,0.087664086,12731,0.034188929,0.117120924,34,155,5,6,465,-0.12055,0.090385839,1
5,156,1587839700,WAS,IsmaKe00,Keith Ismael,K.Ismael,5,156,WAS,718,0.151754688,7335,0.019698044,0.108911643,55,156,5,10,708,0.048933333,0.153086187,1
5,157,1587839880,JAX,ThomDa07,Daniel Thomas,D.Thomas,5,157,JAX,828,0.152232763,6713,0.018027671,0.117975776,69,157,5,4,824,0.343025,0.151295209,1
5,158,1587840120,NYJ,HallBr02,Bryce Hall,B.Hall,5,158,NYJ,750,0.108785676,14679,0.039420257,0.113141363,62,158,5,50,700,0.027306,0.11469,1
5,159,1587840300,NE,RohrJu00,Justin Rohrwasser,J.Rohrwasser,5,159,NE,240,0.091148117,18402,0.049418324,0.096257174,26,159,5,3,237,0.098666667,0.091052542,1
5,160,1587840360,CLE,HarrNi01,Nick Harris,N.Harris,5,160,CLE,597,0.084170101,12133,0.032583008,0.112528068,37,160,5,5,592,0.14985,0.083723299,1
5,161,1587840480,TB,JohnTy00,Tyler Johnson,T.Johnson,5,161,TB,792,0.111106107,5184,0.013921562,0.114079188,73,161,5,44,748,0.084709302,0.112633782,1
5,162,1587840660,WAS,HudsKh00,Khaleke Hudson,K.Hudson,5,162,WAS,1047,0.148202711,7335,0.019698044,0.108911643,84,162,5,9,1038,0.171166667,0.148000879,1
5,163,1587840900,CHI,VildKi00,Kindle Vildor,K.Vildor,5,163,CHI,715,0.159298161,12731,0.034188929,0.117120924,52,163,5,10,705,-0.0592375,0.161799285,1
5,164,1587841080,MIA,WeavCu00,Curtis Weaver,C.Weaver,5,164,MIA,587,0.12934714,14079,0.037808965,0.123932132,44,164,5,22,565,-0.0159,0.134833094,1
5,165,1587841200,JAX,JohnCo01,Collin Johnson,C.Johnson,5,165,JAX,527,0.152723992,6713,0.018027671,0.117975776,46,165,5,15,512,0.236314286,0.150415779,1
5,166,1587841320,DET,CephQu00,Quintez Cephus,Q.Cephus,5,166,DET,1210,0.122459144,14503,0.038947612,0.124482496,90,166,5,36,1174,0.01833871,0.125239276,1
5,167,1587841560,BUF,FromJa00,Jake Fromm,J.Fromm,5,167,BUF,1252,0.127266748,7532,0.020227085,0.117431424,99,167,5,114,1138,0.159325664,0.124040873,1
5,168,1587841800,PHI,HighJo00,John Hightower,J.Hightower,5,168,PHI,984,0.137723535,35223,0.094590893,0.058375155,88,168,5,22,962,0.000209524,0.140756933,1
5,169,1587841980,MIN,HandHa00,Harrison Hand,H.Hand,5,169,MIN,1055,0.146913135,21534,0.057829268,0.114465213,100,169,5,24,1031,0.357808696,0.142157647,1
5,170,1587842220,BAL,WashBr01,Broderick Washington Jr.,B.Jr.,5,170,BAL,745,0.123351153,12762,0.034272179,0.109538109,57,170,5,4,741,0.051225,0.123744748,1
5,171,1587842400,HOU,CoulIs00,Isaiah Coulter,I.Coulter,5,171,HOU,751,0.105336658,5066,0.013604675,0.09754653,59,171,5,7,744,0.07915,0.105550136,1
5,172,1587842580,DET,HuntJa01,Jason Huntley,J.Huntley,5,172,DET,776,0.099013237,14503,0.038947612,0.124482496,66,172,5,4,772,0.1879,0.098779632,1
5,173,1587842760,CHI,MoonDa00,Darnell Mooney,D.Mooney,5,173,CHI,526,0.135945349,12731,0.034188929,0.117120924,39,173,5,7,519,0.113785714,0.136250098,1
5,174,1587842880,TEN,MurcLa00,Larrell Murchison,L.Murchison,5,174,TEN,567,0.134786738,4841,0.01300044,0.108463721,49,174,5,4,563,0,0.135515315,1
5,175,1587843000,GB,MartKa01,Kamal Martin,K.Martin,5,175,GB,836,0.129400966,33965,0.091212551,0.104027848,84,175,5,8,828,0.136725,0.129329512,1
5,176,1587843180,MIN,OsboKJ00,K.J. Osborn,K.Osborn,5,176,MIN,932,0.122182595,21534,0.057829268,0.114465213,97,176,5,10,922,0.22015,0.121111913,1
5,177,1587843420,KC,DannMi00,Michael Danna,M.Danna,5,177,KC,457,0.112631849,6595,0.017710784,0.130861524,39,177,5,3,454,0.2199,0.111910314,1
5,178,1587843540,DEN,StrnJu00,Justin Strnad,J.Strnad,5,178,DEN,452,0.130693111,10740,0.028842126,0.129802805,43,178,5,3,449,0.4507,0.128545414,1
5,179,1587843660,DAL,AnaeBr00,Bradlee Anae,B.Anae,5,179,DAL,248,0.13856748,13812,0.03709194,0.111480222,22,179,5,8,240,-0.100275,0.146595798,1
6,180,1587843720,CIN,AdenHa00,Hakeem Adeniji,H.Adeniji,6,180,CIN,698,0.12822029,6597,0.017716155,0.145045598,60,180,6,3,695,0,0.128593023,1
6,181,1587843900,DEN,MutiNe00,Netane Muti,N.Muti,6,181,DEN,478,0.106621702,10740,0.028842126,0.129802805,24,181,6,17,461,-0.158364706,0.116566004,1
6,182,1587844020,NE,OnweMi00,Michael Onwenu,M.Onwenu,6,182,NE,455,0.096572321,18402,0.049418324,0.096257174,34,182,6,7,448,0.3167,0.093078231,1
6,183,1587844140,NYG,BrowCa01,Cam Brown,C.Brown,6,183,NYG,813,0.086077709,12490,0.033541727,0.126600401,80,183,6,22,791,0.183909091,0.083321895,1
6,184,1587844320,CAR,RoyxBr00,Bravvion Roy,B.Roy,6,184,CAR,209,0.130009756,6452,0.017326759,0.12620506,21,184,6,0,209,0,0.130009756,0
6,185,1587844380,MIA,FergBl00,Blake Ferguson,B.Ferguson,6,185,MIA,900,0.109088362,14079,0.037808965,0.123932132,71,185,6,7,893,0.047514286,0.109579271,1
6,186,1587844620,LAC,GilmAl00,Alohi Gilman,A.Gilman,6,186,LAC,630,0.16202508,7817,0.020992448,0.13591072,39,186,6,3,627,0,0.162544391,1
6,187,1587844800,CLE,PeopDo00,Donovan Peoples-Jones,D.Peoples-Jones,6,187,CLE,789,0.165444774,12133,0.032583008,0.112528068,71,187,6,2,787,NA,0.165444774,1
6,188,1587845040,BUF,BassTy00,Tyler Bass,T.Bass,6,188,BUF,611,0.153078275,7532,0.020227085,0.117431424,49,188,6,10,601,0.23457,0.151704047,1
6,189,1587845220,JAX,LutoJa00,Jake Luton,J.Luton,6,189,JAX,774,0.167076271,6713,0.018027671,0.117975776,63,189,6,9,765,0.051666667,0.16844657,1
6,190,1587845460,SF,WoerCh00,Charlie Woerner,C.Woerner,6,190,SF,862,0.140408314,16341,0.043883536,0.113882776,71,190,6,5,857,0,0.141235218,1
6,191,1587845760,NYJ,MannBr01,Braden Mann,B.Mann,6,191,NYJ,502,0.126756768,14679,0.039420257,0.113141363,34,191,6,16,486,-0.0222,0.131732359,1
6,192,1587845880,GB,RunyJo00,Jon Runyan,J.Runyan,6,192,GB,469,0.130685153,33965,0.091212551,0.104027848,30,192,6,12,457,0.027309091,0.133229083,1
6,193,1587846000,IND,WindRo01,Robert Windsor,R.Windsor,6,193,IND,413,0.13749403,9313,0.025009936,0.130396679,24,193,6,4,409,-0.0304,0.138756391,1
6,194,1587846120,TB,DaviKh00,Khalil Davis,K.Davis,6,194,TB,372,0.147777297,5184,0.013921562,0.114079188,32,194,6,2,370,-0.4404,0.149371274,1
6,195,1587846240,NE,HerrJu00,Justin Herron,J.Herron,6,195,NE,392,0.14741658,18402,0.049418324,0.096257174,36,195,6,5,387,0.15416,0.147328084,1
6,196,1587846360,PHI,BradSh00,Shaun Bradley,S.Bradley,6,196,PHI,431,0.147308274,35223,0.094590893,0.058375155,38,196,6,9,422,0.25465,0.145239036,1
6,197,1587846480,DET,PeniJo00,John Penisini,J.Penisini,6,197,DET,452,0.150905418,14503,0.038947612,0.124482496,28,197,6,13,439,0.046933333,0.153800232,1
6,198,1587846600,PIT,BrooAn00,Antoine Brooks Jr.,A.Jr.,6,198,PIT,652,0.140762617,7495,0.020127722,0.12302311,57,198,6,4,648,0.045,0.141212207,1
6,199,1587846780,LA,FullJo01,Jordan Fuller,J.Fuller,6,199,LA,727,0.167966527,3476,0.009334751,0.13010574,68,199,6,8,719,0.382928571,0.165847183,1
6,200,1587847020,PHI,WatkQu00,Quez Watkins,Q.Watkins,6,200,PHI,926,0.143154895,35223,0.094590893,0.058375155,74,200,6,18,908,0.071864706,0.144513565,1
6,201,1587847260,BAL,ProcJa00,James Proche,J.Proche,6,201,BAL,804,0.103033588,12762,0.034272179,0.109538109,68,201,6,28,776,-0.035992857,0.108169129,1
6,202,1587847500,ARI,WeavEv00,Evan Weaver,E.Weaver,6,202,ARI,379,0.134484759,5532,0.014856112,0.138027594,36,202,6,7,372,-0.076785714,0.138514441,1
6,203,1587847620,MIN,BranBl00,Blake Brandel,B.Brandel,6,203,MIN,717,0.14350227,21534,0.057829268,0.114465213,52,203,6,6,711,-0.07812,0.145085286,1
6,204,1587847860,NE,MaluCa00,Cassh Maluia,C.Maluia,6,204,NE,347,0.137672093,18402,0.049418324,0.096257174,28,204,6,9,338,0.222777778,0.135385672,1
6,205,1587847980,MIN,MeteJo00,Josh Metellus,J.Metellus,6,205,MIN,491,0.175591942,21534,0.057829268,0.114465213,36,205,6,6,485,0.320616667,0.173771548,1
6,206,1587848160,JAX,DaviTy02,Tyler Davis,T.Davis,6,206,JAX,628,0.149216963,6713,0.018027671,0.117975776,54,206,6,4,624,0.181725,0.149005528,1
6,207,1587848400,BUF,HodgIs00,Isaiah Hodgins,I.Hodgins,6,207,BUF,164,0.11818239,7532,0.020227085,0.117431424,7,207,6,2,162,0.2202,0.116882803,1
6,208,1587848460,GB,HansJa00,Jake Hanson,J.Hanson,6,208,GB,577,0.147305329,33965,0.091212551,0.104027848,44,208,6,4,573,0.04485,0.148038462,1
6,209,1587848640,GB,StepSi00,Simon Stepaniak,S.Stepaniak,6,209,GB,779,0.123055527,33965,0.091212551,0.104027848,67,209,6,6,773,0.13392,0.122984424,1
6,210,1587848880,PHI,WanoTe00,Prince Tega Wanogho,P.Wanogho,6,210,PHI,707,0.098739316,35223,0.094590893,0.058375155,65,210,6,32,675,0.113858065,0.098040835,1
6,211,1587849060,IND,RodgIs00,Isaiah Rodgers,I.Rodgers,6,211,IND,779,0.128289535,9313,0.025009936,0.130396679,58,211,6,21,758,0.080328571,0.129627092,1
6,212,1587849300,IND,PatmDe00,Dezmon Patmon,D.Patmon,6,212,IND,526,0.118950579,9313,0.025009936,0.130396679,39,212,6,3,523,-0.088866667,0.120161165,1
6,213,1587849480,IND,GlasJo00,Jordan Glasgow,J.Glasgow,6,213,IND,333,0.124806383,9313,0.025009936,0.130396679,25,213,6,4,329,0.22565,0.123565231,1
6,214,1587849600,SEA,SwaiFr00,Freddie Swain,F.Swain,6,214,SEA,254,0.180505929,13602,0.036527988,0.106199573,15,214,6,2,252,0,0.181944223,1
7,215,1587849720,CIN,BailMa01,Markus Bailey,M.Bailey,7,215,CIN,1,NA,6597,0.017716155,0.145045598,NA,215,7,0,1,0,0,0
7,216,1587849840,WAS,CurlKa00,Kamren Curl,K.Curl,7,216,WAS,346,0.161176106,7335,0.019698044,0.108911643,22,216,7,1,345,0,0.161652959,1
7,217,1587850020,SF,JennJa00,Jauan Jennings,J.Jennings,7,217,SF,527,0.162696339,16341,0.043883536,0.113882776,46,217,7,9,518,-0.0843875,0.166564579,1
7,218,1587850200,NYG,CougCa00,Carter Coughlin,C.Coughlin,7,218,NYG,179,0.107697714,12490,0.033541727,0.126600401,13,218,7,5,174,0.31372,0.101638235,1
7,219,1587850260,BAL,StonGe00,Geno Stone,G.Stone,7,219,BAL,533,0.145074432,12762,0.034272179,0.109538109,45,219,7,15,518,-0.05144,0.150820468,1
7,220,1587850440,LAC,HillKJ00,K.J. Hill,K.Hill,7,220,LAC,382,0.136695733,7817,0.020992448,0.13591072,38,220,7,37,345,-0.004014286,0.151180588,1
7,221,1587850560,CAR,ThomSt00,Stantley Thomas-Oliver,S.Thomas-Oliver,7,221,CAR,321,0.131752215,6452,0.017326759,0.12620506,26,221,7,1,320,0,0.131764127,1
7,222,1587850680,ARI,BenjEn00,Eno Benjamin,E.Benjamin,7,222,ARI,966,0.146523449,5532,0.014856112,0.138027594,84,222,7,63,903,0.138455738,0.147076404,1
7,223,1587850980,JAX,ClayCh02,Chris Claybrooks,C.Claybrooks,7,223,JAX,351,0.160691429,6713,0.018027671,0.117975776,42,223,7,3,348,0.3295,0.159231988,1
7,224,1587851100,TEN,McDoCo00,Cole McDonald,C.McDonald,7,224,TEN,340,0.111737202,4841,0.01300044,0.108463721,32,224,7,11,329,-0.05471,0.116842945,1
7,225,1587851220,MIN,WillKe06,Kenny Willekes,K.Willekes,7,225,MIN,365,0.129237845,21534,0.057829268,0.114465213,33,225,7,7,358,0.10415,0.129660674,1
7,226,1587851340,CHI,HambAr00,Arlington Hambright,A.Hambright,7,226,CHI,350,0.108242319,12731,0.034188929,0.117120924,31,226,7,6,344,-0.090283333,0.111756047,1
7,227,1587851460,CHI,SimmLa00,Lachavious Simmons,L.Simmons,7,227,CHI,298,0.143561486,12731,0.034188929,0.117120924,26,227,7,7,291,0.349671429,0.138569204,1
7,228,1587851580,ATL,HofrSt00,Sterling Hofrichter,S.Hofrichter,7,228,ATL,490,0.133020534,7940,0.021322763,0.078852919,43,228,7,3,487,0,0.133845041,1
7,229,1587851760,WAS,SmitJa08,James Smith-Williams,J.Smith-Williams,7,229,WAS,525,0.09,7335,0.019698044,0.108911643,49,229,7,3,522,0,0.09034749,1
7,230,1587851940,NE,WoodDu01,Dustin Woodard,D.Woodard,7,230,NE,298,0.173038832,18402,0.049418324,0.096257174,27,230,7,5,293,-0.10846,0.17796014,1
7,231,1587852060,DAL,DiNuBe00,Ben DiNucci,B.DiNucci,7,231,DAL,343,0.136428869,13812,0.03709194,0.111480222,31,231,7,6,337,0.17635,0.13570303,1
7,232,1587852180,PIT,DaviCa03,Carlos Davis,C.Davis,7,232,PIT,483,0.101904459,7495,0.020127722,0.12302311,43,232,7,2,481,-0.07655,0.102665458,1
7,233,1587852360,PHI,ToohCa00,Casey Toohill,C.Toohill,7,233,PHI,320,0.203023323,35223,0.094590893,0.058375155,26,233,7,4,316,0.291825,0.201873786,1
7,234,1587852480,LA,JohnCl00,Clay Johnston,C.Johnston,7,234,LA,432,0.178159294,3476,0.009334751,0.13010574,40,234,7,3,429,0.486033333,0.175970616,1
7,235,1587852660,DET,CornJa01,Jashon Cornell,J.Cornell,7,235,DET,162,0.142001852,14503,0.038947612,0.124482496,14,235,7,0,162,0,0.142001852,0
7,236,1587852720,GB,ScotVe00,Vernon Scott,V.Scott,7,236,GB,482,0.1607,33965,0.091212551,0.104027848,33,236,7,2,480,0,0.161378059,1
7,237,1587852900,KC,KeyeTh00,Thakarius Keyes,T.Keyes,7,237,KC,309,0.088148026,6595,0.017710784,0.130861524,26,237,7,0,309,0,0.088148026,0
7,238,1587853020,NYG,BrunTJ00,T.J. Brunson,T.Brunson,7,238,NYG,291,0.174003136,12490,0.033541727,0.126600401,22,238,7,7,284,-0.0327,0.179170714,1
7,239,1587853140,BUF,JackDa02,Dane Jackson,D.Jackson,7,239,BUF,310,0.126943,7532,0.020227085,0.117431424,24,239,7,2,308,0.8979,0.124364548,1
7,240,1587853260,NO,StevTo01,Tommy Stevens,T.Stevens,7,240,NO,498,0.123821107,6684,0.017949792,0.102622322,38,240,7,4,494,0.373375,0.121758678,1
7,241,1587853440,TB,RussCh00,Chapelle Russell,C.Russell,7,241,TB,631,0.159544534,5184,0.013921562,0.114079188,50,241,7,1,630,0,0.159154267,1
7,242,1587853680,GB,GarvJo00,Jonathan Garvin,J.Garvin,7,242,GB,157,0.172111039,33965,0.091212551,0.104027848,16,242,7,1,156,0,0.167860131,1
7,243,1587853740,TEN,JackCh01,Chris Jackson,C.Jackson,7,243,TEN,157,0.097925806,4841,0.01300044,0.108463721,9,243,7,1,156,0,0.099062987,1
7,244,1587853800,MIN,StanNa00,Nate Stanley,N.Stanley,7,244,MIN,501,0.130568163,21534,0.057829268,0.114465213,41,244,7,15,486,0.429492857,0.121776261,1
7,245,1587853980,TB,CalaRa00,Raymond Calais,R.Calais,7,245,TB,321,0.190217555,5184,0.013921562,0.114079188,25,245,7,3,318,0.4909,0.188320505,1
7,246,1587854100,MIA,PerrMa00,Malcolm Perry,M.Perry,7,246,MIA,157,0.109117419,14079,0.037808965,0.123932132,15,246,7,3,154,0.2827,0.105691447,1
7,247,1587854160,NYG,WillCh07,Chris Williamson,C.Williamson,7,247,NYG,690,0.157195448,12490,0.033541727,0.126600401,64,247,7,7,683,0.4273,0.154390208,1
7,248,1587854460,LA,SlomSa00,Sam Sloman,S.Sloman,7,248,LA,162,0.128430435,3476,0.009334751,0.13010574,10,248,7,3,159,-0.2199,0.135044304,1
7,249,1587854520,MIN,ColeBr01,Brian Cole II,B.II,7,249,MIN,612,0.147373841,21534,0.057829268,0.114465213,58,249,7,5,607,0.20695,0.146976667,1
7,250,1587854760,LA,AnchTr00,Tremayne Anchrum,T.Anchrum,7,250,LA,389,0.154023377,3476,0.009334751,0.13010574,25,250,7,1,388,0,0.154023377,1
7,251,1587854940,SEA,SullSt00,Stephen Sullivan,S.Sullivan,7,251,SEA,168,0.160912883,13602,0.036527988,0.106199573,15,251,7,3,165,0.54855,0.156097516,1
7,252,1587855000,DEN,ClevTy00,Tyrie Cleveland,T.Cleveland,7,252,DEN,167,0.070294512,10740,0.028842126,0.129802805,17,252,7,6,161,0.148083333,0.067340506,1
7,253,1587855060,MIN,HintKy00,Kyle Hinton,K.Hinton,7,253,MIN,158,0.175337419,21534,0.057829268,0.114465213,13,253,7,0,158,0,0.175337419,0
7,254,1587855120,DEN,TuszDe00,Derrek Tuszka,D.Tuszka,7,254,DEN,1117,0.162059582,10740,0.028842126,0.129802805,82,254,7,9,1108,-0.0945125,0.163937511,1
7,255,1587855600,NYG,CrowTa00,Tae Crowder,T.Crowder,7,255,NYG,18806,0.170184281,12490,0.033541727,0.126600401,1740,255,7,29,18777,0.155846154,0.170204714,1
