player,player_id,position,player_game_count,percentage_games_played,grades_offense,raw_usage,usage_rate,raw_value_provided,year,draft_year,draft_team,draft_round,draft_pick,sum_raw_value_provided,expected_value,value_delta,team_name,Best_Match,Similarity_Score,round.x,pick.x,timestamp,team,playerid,full_name,name,associated_round,associated_pick,associated_team,count_text,mean_sentiment,comment_count,Team_Sentiment_Comment_Proportion,Team_Sentiment_Mean,offensive_word_count,pick.y,round.y,Direct_mentions,Indirect_mentions,avg_sentiment_direct_mentions,avg_sentiment_indirect_mentions,Direct_mention_binary
A.J. Epenesa,56369,ED,14,0.88,64.7,291,20.79,56.61,2020,2020,BUF,2,54,158.77,119.853684210526,38.9163157894737,BUF,A.J. Epenesa,100,2,54,1587775620,BUF,EpenAJ00,A.J. Epenesa,A.Epenesa,2,54,BUF,3628.0,0.062041616,7532.0,0.020227085,0.117431424,372.0,54.0,2.0,104.0,3524.0,0.120579808,0.060301201,1.0
Adam Trautman,109795,TE,15,0.94,79.4,172,11.47,74.44,2020,2020,NO,3,105,181.24,134.018571428571,47.2214285714286,NO,Adam Trautman,100,3,105,1587786960,NO,TrauAd00,Adam Trautman,A.Trautman,3,105,NO,691.0,0.089485147,6684.0,0.017949792,0.102622322,40.0,105.0,3.0,2.0,689.0,0.0,0.089749115,1.0
AJ Dillon,57165,HB,9,0.56,81.4,48,5.33,45.79,2020,2020,GB,2,62,213.89,156.463333333333,57.4266666666667,GB,AJ Dillon,100,2,62,1587777960,GB,DillAJ00,AJ Dillon,A.Dillon,2,62,GB,3061.0,0.064482142,33965.0,0.091212551,0.104027848,334.0,62.0,2.0,73.0,2988.0,0.080617808,0.06408447,1.0
Akeem Davis-Gaither,34788,LB,16,1.0,40.7,314,19.63,40.7,2020,2020,CIN,4,107,129.79,124.31,5.48000000000002,CIN,Akeem Davis-Gaither,100,4,107,1587830940,CIN,DaviAk01,Akeem Davis-Gaither,A.Davis-Gaither,4,107,CIN,1.0,,6597.0,0.017716155,0.145045598,,107.0,4.0,0.0,1.0,0.0,0.0,0.0
Albert Okwuegbunam,41933,TE,4,0.25,83.2,62,15.5,20.8,2020,2020,DEN,4,118,99.03,123.521538461538,-24.4915384615385,DEN,Albert Okwuegbunam,100,4,118,1587832740,DEN,OkwuAl00,Albert Okwuegbunam,A.Okwuegbunam,4,118,DEN,648.0,0.134484555,10740.0,0.028842126,0.129802805,64.0,118.0,4.0,10.0,638.0,0.137133333,0.134446835,1.0
Alex Highsmith,43507,ED,16,1.0,72.0,440,27.5,72.0,2020,2020,PIT,3,102,213.25,117.721923076923,95.5280769230769,PIT,Alex Highsmith,100,3,102,1587786660,PIT,HighAl02,Alex Highsmith,A.Highsmith,3,102,PIT,263.0,0.12174636,7495.0,0.020127722,0.12302311,23.0,102.0,3.0,7.0,256.0,-0.067166667,0.126191373,1.0
Alohi Gilman,41662,S,4,0.25,47.5,71,17.75,11.88,2020,2020,LAC,6,186,104.23,72.1061904761905,32.1238095238095,LAC,Alohi Gilman,100,6,186,1587844620,LAC,GilmAl00,Alohi Gilman,A.Gilman,6,186,LAC,630.0,0.16202508,7817.0,0.020992448,0.13591072,39.0,186.0,6.0,3.0,627.0,0.0,0.162544391,1.0
Alton Robinson,56857,ED,14,0.88,66.7,336,24.0,58.36,2020,2020,SEA,5,148,107.11,72.9830769230769,34.1269230769231,SEA,Alton Robinson,100,5,148,1587838380,SEA,RobiAl03,Alton Robinson,A.Robinson,5,148,SEA,482.0,0.13126,13602.0,0.036527988,0.106199573,40.0,148.0,5.0,8.0,474.0,0.165675,0.130676695,1.0
Amik Robertson,55619,CB,6,0.38,42.2,35,5.83,15.83,2020,2020,LV,4,139,93.06,82.3886666666667,10.6713333333333,LV,Amik Robertson,100,4,139,1587836820,LV,RobeAm00,Amik Robertson,A.Robertson,4,139,LV,460.0,0.093386031,11083.0,0.029763248,0.107186085,46.0,139.0,4.0,9.0,451.0,0.070833333,0.093845249,1.0
Andrew Thomas,59701,OL,16,1.0,62.4,978,61.13,62.4,2020,2020,NYG,1,4,206.6,161.561785714286,45.0382142857143,NYG,Andrew Thomas,100,1,4,1587689280,NYG,ThomAn02,Andrew Thomas,A.Thomas,1,4,NYG,4268.0,0.062807589,12490.0,0.033541727,0.126600401,396.0,4.0,1.0,219.0,4049.0,0.221470642,0.054214161,1.0
Anfernee Jennings,25449,ED,16,0.94,64.7,344,21.5,60.89,2022,2020,NE,3,87,105.25,117.721923076923,-12.4719230769231,NE,Anfernee Jennings,100,3,87,1587783300,NE,JennAn00,Anfernee Jennings,A.Jennings,3,87,NE,2545.0,0.123257905,18402.0,0.049418324,0.096257174,215.0,87.0,3.0,25.0,2520.0,0.057373913,0.123862345,1.0
Anthony McFarland Jr.,57289,HB,11,0.69,56.5,39,3.55,38.84,2020,2020,PIT,4,124,49.05,133.245263157895,-84.1952631578947,PIT,Anthony McFarland Jr.,100,4,124,1587834000,PIT,McFaAn00,Anthony McFarland Jr.,A.Jr.,4,124,PIT,992.0,0.15261209,7495.0,0.020127722,0.12302311,65.0,124.0,4.0,13.0,979.0,0.1451,0.152705602,1.0
Antoine Brooks Jr.,49751,CB,2,0.13,64.5,29,14.5,8.06,2020,2020,PIT,6,198,8.06,49.1672727272727,-41.1072727272727,PIT,Antoine Brooks Jr.,100,6,198,1587846600,PIT,BrooAn00,Antoine Brooks Jr.,A.Jr.,6,198,PIT,652.0,0.140762617,7495.0,0.020127722,0.12302311,57.0,198.0,6.0,4.0,648.0,0.045,0.141212207,1.0
Antoine Winfield Jr.,42475,S,16,1.0,67.1,1034,64.63,67.1,2020,2020,TB,2,45,192.43,125.228636363636,67.2013636363636,TB,Antoine Winfield Jr.,100,2,45,1587773340,TB,WinfAn00,Antoine Winfield Jr.,A.Jr.,2,45,TB,1226.0,0.12392459,5184.0,0.013921562,0.114079188,94.0,45.0,2.0,74.0,1152.0,0.102582432,0.125302705,1.0
Antonio Gandy-Golden,39993,WR,6,0.38,44.6,88,14.67,16.73,2020,2020,WAS,4,142,16.73,88.7952173913043,-72.0652173913043,WAS,Antonio Gandy-Golden,100,4,142,1587837240,WAS,GandAn00,Antonio Gandy-Golden,A.Gandy-Golden,4,142,WAS,795.0,0.148946743,7335.0,0.019698044,0.108911643,66.0,142.0,4.0,8.0,787.0,-0.042285714,0.150671778,1.0
Antonio Gibson,78050,HB,14,0.88,80.9,206,14.71,70.79,2020,2020,WAS,3,66,197.69,149.23875,48.45125,WAS,Antonio Gibson,100,3,66,1587778920,WAS,GibsAn00,Antonio Gibson,A.Gibson,3,66,WAS,2206.0,0.106604201,7335.0,0.019698044,0.108911643,188.0,66.0,3.0,39.0,2167.0,0.087977143,0.106906729,1.0
Arlington Hambright,60003,OL,2,0.13,51.6,82,41.0,6.45,2020,2020,CHI,7,226,6.45,55.7338888888889,-49.2838888888889,CHI,Arlington Hambright,100,7,226,1587851340,CHI,HambAr00,Arlington Hambright,A.Hambright,7,226,CHI,350.0,0.108242319,12731.0,0.034188929,0.117120924,31.0,226.0,7.0,6.0,344.0,-0.090283333,0.111756047,1.0
Ashtyn Davis,49560,S,8,0.5,53.0,402,50.25,26.5,2020,2020,NYJ,3,68,90.67,132.52,-41.85,NYJ,Ashtyn Davis,100,3,68,1587779400,NYJ,DaviAs00,Ashtyn Davis,A.Davis,3,68,NYJ,834.0,0.131468599,14679.0,0.039420257,0.113141363,105.0,68.0,3.0,23.0,811.0,0.246172727,0.128337717,1.0
Austin Jackson,60816,OL,13,0.81,52.5,848,65.23,42.66,2020,2020,MIA,1,18,96.43,161.561785714286,-65.1317857142857,MIA,Austin Jackson,100,1,18,1587695280,MIA,JackAu00,Austin Jackson,A.Jackson,1,18,MIA,2720.0,0.093777811,14079.0,0.037808965,0.123932132,284.0,18.0,1.0,95.0,2625.0,0.173051087,0.090966268,1.0
Ben Bartch,84236,OL,5,0.31,58.5,219,43.8,18.28,2020,2020,JAX,4,116,87.21,71.4645833333333,15.7454166666667,JAX,Ben Bartch,100,4,116,1587832440,JAX,BartBe00,Ben Bartch,B.Bartch,4,116,JAX,854.0,0.170099643,6713.0,0.018027671,0.117975776,57.0,116.0,4.0,25.0,829.0,0.166516667,0.170204896,1.0
Ben Bredeson,27305,OL,5,0.31,47.4,48,9.6,14.81,2020,2020,BAL,4,143,74.64,71.4645833333333,3.17541666666668,BAL,Ben Bredeson,100,4,143,1587837480,BAL,BredBe00,Ben Bredeson,B.Bredeson,4,143,BAL,193.0,0.160979058,12762.0,0.034272179,0.109538109,15.0,143.0,4.0,6.0,187.0,0.00872,0.165072043,1.0
Ben DiNucci,34311,QB,2,0.13,25.6,52,26.0,3.2,2020,2020,DAL,7,231,3.2,47.22,-44.02,DAL,Ben DiNucci,100,7,231,1587852060,DAL,DiNuBe00,Ben DiNucci,B.DiNucci,7,231,DAL,343.0,0.136428869,13812.0,0.03709194,0.111480222,31.0,231.0,7.0,6.0,337.0,0.17635,0.13570303,1.0
Blake Brandel,46282,OL,11,0.65,53.3,65,5.91,34.49,2021,2020,MIN,6,203,54.01,53.2691304347826,0.740869565217395,MIN,Blake Brandel,100,6,203,1587847620,MIN,BranBl00,Blake Brandel,B.Brandel,6,203,MIN,717.0,0.14350227,21534.0,0.057829268,0.114465213,52.0,203.0,6.0,6.0,711.0,-0.07812,0.145085286,1.0
Braden Mann,44664,P,16,1.0,64.4,82,5.13,64.4,2020,2020,NYJ,6,191,174.79,121.71,53.08,NYJ,Braden Mann,100,6,191,1587845760,NYJ,MannBr01,Braden Mann,B.Mann,6,191,NYJ,502.0,0.126756768,14679.0,0.039420257,0.113141363,34.0,191.0,6.0,16.0,486.0,-0.0222,0.131732359,1.0
Bradlee Anae,43982,ED,3,0.19,85.2,6,2.0,15.98,2020,2020,DAL,5,179,23.96,72.9830769230769,-49.0230769230769,DAL,Bradlee Anae,100,5,179,1587843660,DAL,AnaeBr00,Bradlee Anae,B.Anae,5,179,DAL,248.0,0.13856748,13812.0,0.03709194,0.111480222,22.0,179.0,5.0,8.0,240.0,-0.100275,0.146595798,1.0
Brandon Aiyuk,84109,WR,12,0.75,80.1,455,37.92,60.08,2020,2020,SF,1,25,214.78,143.783333333333,70.9966666666667,SF,Brandon Aiyuk,100,1,25,1587698100,SF,AiyuBr00,Brandon Aiyuk,B.Aiyuk,1,25,SF,5075.0,0.098733121,16341.0,0.043883536,0.113882776,472.0,25.0,1.0,144.0,4931.0,0.172192908,0.096614522,1.0
Brandon Jones,43049,S,16,1.0,60.8,385,24.06,60.8,2020,2020,MIA,3,70,133.08,132.52,0.559999999999974,MIA,Brandon Jones,100,3,70,1587779880,MIA,JoneBr06,Brandon Jones,B.Jones,3,70,MIA,704.0,0.150004286,14079.0,0.037808965,0.123932132,54.0,70.0,3.0,41.0,663.0,0.0985875,0.153120455,1.0
Bravvion Roy,25644,DI,15,0.94,43.9,419,27.93,41.16,2020,2020,CAR,6,184,130.05,94.0264705882353,36.0235294117647,CAR,Bravvion Roy,100,6,184,1587844320,CAR,RoyxBr00,Bravvion Roy,B.Roy,6,184,CAR,209.0,0.130009756,6452.0,0.017326759,0.12620506,21.0,184.0,6.0,0.0,209.0,0.0,0.130009756,0.0
Gabe Davis,55410,WR,16,1.0,64.9,508,31.75,64.9,2020,2020,BUF,4,128,190.91,88.7952173913043,102.114782608696,BUF,Gabriel Davis,87,4,128,1587834900,BUF,DaviGa01,Gabriel Davis,G.Davis,4,128,BUF,850.0,0.16258943,7532.0,0.020227085,0.117431424,53.0,128.0,4.0,14.0,836.0,0.06105,0.16405747,1.0
Bryan Edwards,28486,WR,11,0.69,69.5,143,13.0,47.78,2020,2020,LV,3,81,128.71,133.187894736842,-4.4778947368421,LV,Bryan Edwards,100,3,81,1587782160,LV,EdwaBr01,Bryan Edwards,B.Edwards,3,81,LV,682.0,0.113360863,11083.0,0.029763248,0.107186085,58.0,81.0,3.0,18.0,664.0,0.026472222,0.115752294,1.0
Bryce Hall,42313,CB,8,0.5,59.9,547,68.38,29.95,2020,2020,NYJ,5,158,98.07,66.1504761904762,31.9195238095238,NYJ,Bryce Hall,100,5,158,1587840120,NYJ,HallBr02,Bryce Hall,B.Hall,5,158,NYJ,750.0,0.108785676,14679.0,0.039420257,0.113141363,62.0,158.0,5.0,50.0,700.0,0.027306,0.11469,1.0
Lynn Bowden,61361,WR,10,0.63,68.8,221,22.1,43.0,2020,2020,LV,3,80,43.0,133.187894736842,-90.1878947368421,MIA,Lynn Bowden Jr.,88,3,80,1587781980,LV,BowdLy00,Lynn Bowden Jr.,L.Jr.,3,80,LV,882.0,0.10540725,11083.0,0.029763248,0.107186085,79.0,80.0,3.0,36.0,846.0,0.049885714,0.10773729,1.0
Brycen Hopkins,47338,TE,3,0.18,52.4,19,6.33,9.25,2021,2020,LAR,4,136,57.89,123.521538461538,-65.6315384615385,LAR,Brycen Hopkins,100,4,136,1587836280,LA,HopkBr01,Brycen Hopkins,B.Hopkins,4,136,LA,637.0,0.153372727,3476.0,0.009334751,0.13010574,48.0,136.0,4.0,7.0,630.0,0.36385,0.15133913,1.0
Cam Akers,57206,HB,13,0.81,68.4,156,12.0,55.58,2020,2020,LAR,2,52,129.8,156.463333333333,-26.6633333333334,LAR,Cam Akers,100,2,52,1587775140,LA,AkerCa00,Cam Akers,C.Akers,2,52,LA,1063.0,0.060039623,3476.0,0.009334751,0.13010574,103.0,52.0,2.0,52.0,1011.0,0.144405769,0.055687401,1.0
Cam Brown,42516,ED,11,0.69,45.9,94,8.55,31.56,2020,2020,NYG,6,183,44.33,73.076,-28.746,NYG,Cam Brown,100,6,183,1587844140,NYG,BrowCa01,Cam Brown,C.Brown,6,183,NYG,813.0,0.086077709,12490.0,0.033541727,0.126600401,80.0,183.0,6.0,22.0,791.0,0.183909091,0.083321895,1.0
Cameron Dantzler,42472,CB,11,0.69,70.9,601,54.64,48.74,2020,2020,MIN,3,89,142.3,103.0045,39.2955,MIN,Cameron Dantzler,100,3,89,1587783960,MIN,DantCa00,Cameron Dantzler,C.Dantzler,3,89,MIN,566.0,0.108677442,21534.0,0.057829268,0.114465213,40.0,89.0,3.0,23.0,543.0,0.179904348,0.105643704,1.0
Carlos Davis,48662,DI,7,0.44,60.2,54,7.71,26.34,2020,2020,PIT,7,232,42.81,60.8544444444444,-18.0444444444444,PIT,Carlos Davis,100,7,232,1587852180,PIT,DaviCa03,Carlos Davis,C.Davis,7,232,PIT,483.0,0.101904459,7495.0,0.020127722,0.12302311,43.0,232.0,7.0,2.0,481.0,-0.07655,0.102665458,1.0
Carter Coughlin,43498,ED,10,0.63,42.7,193,19.3,26.69,2020,2020,NYG,7,218,45.74,58.337,-12.597,NYG,Carter Coughlin,100,7,218,1587850200,NYG,CougCa00,Carter Coughlin,C.Coughlin,7,218,NYG,179.0,0.107697714,12490.0,0.033541727,0.126600401,13.0,218.0,7.0,5.0,174.0,0.31372,0.101638235,1.0
Casey Toohill,38472,ED,7,0.44,69.3,51,7.29,30.32,2020,2020,PHI,7,233,137.61,58.337,79.273,WAS,Casey Toohill,100,7,233,1587852360,PHI,ToohCa00,Casey Toohill,C.Toohill,7,233,PHI,320.0,0.203023323,35223.0,0.094590893,0.058375155,26.0,233.0,7.0,4.0,316.0,0.291825,0.201873786,1.0
James Proche II,48037,WR,8,0.5,61.4,14,1.75,30.7,2020,2020,BAL,6,201,122.6,67.7133333333333,54.8866666666667,BAL,James Proche,89,6,201,1587847260,BAL,ProcJa00,James Proche,J.Proche,6,201,BAL,804.0,0.103033588,12762.0,0.034272179,0.109538109,68.0,201.0,6.0,28.0,776.0,-0.035992857,0.108169129,1.0
Cassh Maluia,43524,LB,2,0.13,42.2,11,5.5,5.28,2020,2020,NE,6,204,5.28,61.961875,-56.681875,NE,Cassh Maluia,100,6,204,1587847860,NE,MaluCa00,Cassh Maluia,C.Maluia,6,204,NE,347.0,0.137672093,18402.0,0.049418324,0.096257174,28.0,204.0,6.0,9.0,338.0,0.222777778,0.135385672,1.0
CeeDee Lamb,61570,WR,16,1.0,71.6,539,33.69,71.6,2020,2020,DAL,1,17,237.24,143.783333333333,93.4566666666667,DAL,CeeDee Lamb,100,1,17,1587694740,DAL,LambCe00,CeeDee Lamb,C.Lamb,1,17,DAL,5835.0,0.02972724,13812.0,0.03709194,0.111480222,753.0,17.0,1.0,485.0,5350.0,0.030672083,0.029641878,1.0
Cesar Ruiz,59857,OL,14,0.88,58.6,744,53.14,51.28,2020,2020,NO,1,24,155.49,161.561785714286,-6.07178571428571,NO,Cesar Ruiz,100,1,24,1587697740,NO,RuizCe00,Cesar Ruiz,C.Ruiz,1,24,NO,3141.0,0.076208974,6684.0,0.017949792,0.102622322,339.0,24.0,1.0,122.0,3019.0,0.074655738,0.076272181,1.0
Chapelle Russell,38876,LB,2,0.13,29.2,4,2.0,3.65,2020,2020,TB,7,241,21.44,47.888947368421,-26.4489473684211,TB,Chapelle Russell,100,7,241,1587853440,TB,RussCh00,Chapelle Russell,C.Russell,7,241,TB,631.0,0.159544534,5184.0,0.013921562,0.114079188,50.0,241.0,7.0,1.0,630.0,0.0,0.159154267,1.0
Charlie Heck,36501,OL,3,0.19,58.6,103,34.33,10.99,2020,2020,HOU,4,126,106.27,71.4645833333333,34.8054166666667,HOU,Charlie Heck,100,4,126,1587834540,HOU,HeckCh00,Charlie Heck,C.Heck,4,126,HOU,707.0,0.133425793,5066.0,0.013604675,0.09754653,55.0,126.0,4.0,38.0,669.0,0.076380556,0.136546809,1.0
Charlie Woerner,42257,TE,9,0.56,56.3,38,4.22,31.67,2020,2020,SF,6,190,131.39,91.7177777777778,39.6722222222222,SF,Charlie Woerner,100,6,190,1587845460,SF,WoerCh00,Charlie Woerner,C.Woerner,6,190,SF,862.0,0.140408314,16341.0,0.043883536,0.113882776,71.0,190.0,6.0,5.0,857.0,0.0,0.141235218,1.0
Chase Claypool,42312,WR,16,1.0,75.6,474,29.63,75.6,2020,2020,PIT,2,49,189.87,162.511578947368,27.3584210526316,PIT,Chase Claypool,100,2,49,1587774360,PIT,ClayCh01,Chase Claypool,C.Claypool,2,49,PIT,1382.0,0.110345508,7495.0,0.020127722,0.12302311,129.0,49.0,2.0,76.0,1306.0,0.125594737,0.109449188,1.0
Chase Young,56436,ED,15,0.94,87.2,770,51.33,81.75,2020,2020,WAS,1,2,135.35,147.105217391304,-11.7552173913043,WAS,Chase Young,100,1,2,1587688380,WAS,YounCh04,Chase Young,C.Young,1,2,WAS,15533.0,0.026324719,7335.0,0.019698044,0.108911643,1545.0,2.0,1.0,369.0,15164.0,0.11024065,0.024261487,1.0
Chris Claybrooks,76692,CB,12,0.75,54.4,375,31.25,40.8,2020,2020,JAX,7,223,81.45,65.7821428571429,15.6678571428571,JAX,Chris Claybrooks,100,7,223,1587850980,JAX,ClayCh02,Chris Claybrooks,C.Claybrooks,7,223,JAX,351.0,0.160691429,6713.0,0.018027671,0.117975776,42.0,223.0,7.0,3.0,348.0,0.3295,0.159231988,1.0
Chris Jackson,42512,CB,9,0.56,32.5,241,26.78,18.28,2020,2020,TEN,7,243,56.97,65.7821428571429,-8.81214285714285,TEN,Chris Jackson,100,7,243,1587853740,TEN,JackCh01,Chris Jackson,C.Jackson,7,243,TEN,157.0,0.097925806,4841.0,0.01300044,0.108463721,9.0,243.0,7.0,1.0,156.0,0.0,0.099062987,1.0
Chris Williamson,49490,CB,4,0.24,50.5,55,13.75,11.88,2021,2020,NYG,7,247,11.88,65.7821428571429,-53.9021428571429,ATL,Chris Williamson,100,7,247,1587854160,NYG,WillCh07,Chris Williamson,C.Williamson,7,247,NYG,690.0,0.157195448,12490.0,0.033541727,0.126600401,64.0,247.0,7.0,7.0,683.0,0.4273,0.154390208,1.0
Clay Johnston,25685,LB,1,0.06,67.2,3,3.0,4.2,2020,2020,LAR,7,234,29.68,47.888947368421,-18.208947368421,CAR,Clay Johnston,100,7,234,1587852480,LA,JohnCl00,Clay Johnston,C.Johnston,7,234,LA,432.0,0.178159294,3476.0,0.009334751,0.13010574,40.0,234.0,7.0,3.0,429.0,0.486033333,0.175970616,1.0
Clyde Edwards-Helaire,57279,HB,13,0.81,75.3,217,16.69,61.18,2020,2020,KC,1,32,138.76,173.771428571429,-35.0114285714286,KC,Clyde Edwards-Helaire,100,1,32,1587615000,KC,EdwaCl00,Clyde Edwards-Helaire,C.Edwards-Helaire,1,32,KC,,,,,,,,,,,,,
Colby Parkinson,52266,TE,5,0.31,68.4,24,4.8,21.38,2020,2020,SEA,4,133,131.03,123.521538461538,7.50846153846155,SEA,Colby Parkinson,100,4,133,1587835680,SEA,ParkCo02,Colby Parkinson,C.Parkinson,4,133,SEA,1318.0,0.078195706,13602.0,0.036527988,0.106199573,155.0,133.0,4.0,13.0,1305.0,0.187658333,0.077179025,1.0
Cole Kmet,60995,TE,16,1.0,58.7,326,20.38,58.7,2020,2020,CHI,2,43,189.7,152.885,36.815,CHI,Cole Kmet,100,2,43,1587772800,CHI,KmetCo00,Cole Kmet,C.Kmet,2,43,CHI,2642.0,0.075860952,12731.0,0.034188929,0.117120924,231.0,43.0,2.0,107.0,2535.0,0.098894393,0.074882168,1.0
Collin Johnson,47808,WR,14,0.88,73.4,180,12.86,64.23,2020,2020,JAX,5,165,108.21,122.469333333333,-14.2593333333333,JAX,Collin Johnson,100,5,165,1587841200,JAX,JohnCo01,Collin Johnson,C.Johnson,5,165,JAX,527.0,0.152723992,6713.0,0.018027671,0.117975776,46.0,165.0,5.0,15.0,512.0,0.236314286,0.150415779,1.0
Colton McKivitz,29314,OL,9,0.56,53.1,301,33.44,29.87,2020,2020,SF,5,153,57.59,75.922380952381,-18.3323809523809,SF,Colton McKivitz,100,5,153,1587839220,SF,McKiCo00,Colton McKivitz,C.McKivitz,5,153,SF,676.0,0.150125484,16341.0,0.043883536,0.113882776,61.0,153.0,5.0,1.0,675.0,0.0,0.150349552,1.0
Curtis Weaver,43751,ED,1,0.06,76.3,6,6.0,4.49,2021,2020,MIA,5,164,4.49,72.9830769230769,-68.4930769230769,CLV,Curtis Weaver,100,5,164,1587841080,MIA,WeavCu00,Curtis Weaver,C.Weaver,5,164,MIA,587.0,0.12934714,14079.0,0.037808965,0.123932132,44.0,164.0,5.0,22.0,565.0,-0.0159,0.134833094,1.0
D.J. Wonnum,44550,ED,14,0.88,51.1,471,33.64,44.71,2020,2020,MIN,4,117,149.8,112.83125,36.96875,MIN,D.J. Wonnum,100,4,117,1587832680,MIN,WonnDJ00,D.J. Wonnum,D.Wonnum,4,117,MIN,295.0,0.084912628,21534.0,0.057829268,0.114465213,23.0,117.0,4.0,14.0,281.0,0.267614286,0.075744803,1.0
D'Andre Swift,57212,HB,13,0.81,69.4,160,12.31,56.39,2020,2020,DET,2,35,165.06,156.463333333333,8.59666666666666,DET,D'Andre Swift,100,2,35,1587770640,DET,SwifDA00,D'Andre Swift,D.Swift,2,35,DET,2529.0,0.115143713,14503.0,0.038947612,0.124482496,214.0,35.0,2.0,231.0,2298.0,0.189061333,0.107849211,1.0
Dalton Keene,61068,TE,6,0.38,42.2,89,14.83,15.83,2020,2020,NE,3,101,15.83,134.018571428571,-118.188571428571,NE,Dalton Keene,100,3,101,1587786480,NE,KeenDa00,Dalton Keene,D.Keene,3,101,NE,859.0,0.126499527,18402.0,0.049418324,0.096257174,69.0,101.0,3.0,23.0,836.0,0.082618182,0.127671117,1.0
Damien Lewis,81532,OL,16,1.0,70.2,967,60.44,70.2,2020,2020,SEA,3,69,181.44,101.723333333333,79.7166666666667,SEA,Damien Lewis,100,3,69,1587779520,SEA,LewiDa05,Damien Lewis,D.Lewis,3,69,SEA,2437.0,0.148372512,13602.0,0.036527988,0.106199573,195.0,69.0,3.0,50.0,2387.0,0.136081633,0.14862738,1.0
Damon Arnette,28080,CB,9,0.56,41.7,343,38.11,23.46,2020,2020,LV,1,19,31.2,148.671428571429,-117.471428571429,LV,Damon Arnette,100,1,19,1587695580,LV,ArneDa00,Damon Arnette,D.Arnette,1,19,LV,4580.0,0.092779341,11083.0,0.029763248,0.107186085,402.0,19.0,1.0,87.0,4493.0,0.195081176,0.090831825,1.0
Dane Jackson,32989,CB,4,0.25,68.4,193,48.25,17.1,2020,2020,BUF,7,239,112.58,65.7821428571429,46.7978571428572,BUF,Dane Jackson,100,7,239,1587853140,BUF,JackDa02,Dane Jackson,D.Jackson,7,239,BUF,310.0,0.126943,7532.0,0.020227085,0.117431424,24.0,239.0,7.0,2.0,308.0,0.8979,0.124364548,1.0
Daniel Thomas,42544,S,6,0.38,52.3,162,27.0,19.61,2020,2020,JAX,5,157,50.69,67.2618181818182,-16.5718181818182,JAX,Daniel Thomas,100,5,157,1587839880,JAX,ThomDa07,Daniel Thomas,D.Thomas,5,157,JAX,828.0,0.152232763,6713.0,0.018027671,0.117975776,69.0,157.0,5.0,4.0,824.0,0.343025,0.151295209,1.0
Danny Pinter,47339,OL,9,0.56,58.0,103,11.44,32.63,2020,2020,IND,5,149,117.78,75.922380952381,41.8576190476191,IND,Danny Pinter,100,5,149,1587838500,IND,PintDa00,Danny Pinter,D.Pinter,5,149,IND,892.0,0.130387016,9313.0,0.025009936,0.130396679,66.0,149.0,5.0,1.0,891.0,0.0,0.129974002,1.0
Darnay Holmes,56247,CB,12,0.75,48.1,442,36.83,36.08,2020,2020,NYG,4,110,110.75,82.3886666666667,28.3613333333333,NYG,Darnay Holmes,100,4,110,1587831720,NYG,HolmDa01,Darnay Holmes,D.Holmes,4,110,NYG,413.0,0.127098786,12490.0,0.033541727,0.126600401,29.0,110.0,4.0,5.0,408.0,-0.04948,0.129268059,1.0
Darnell Mooney,48236,WR,16,1.0,68.7,537,33.56,68.7,2020,2020,CHI,5,173,192.25,122.469333333333,69.7806666666667,CHI,Darnell Mooney,100,5,173,1587842760,CHI,MoonDa00,Darnell Mooney,D.Mooney,5,173,CHI,526.0,0.135945349,12731.0,0.034188929,0.117120924,39.0,173.0,5.0,7.0,519.0,0.113785714,0.136250098,1.0
Darrell Taylor,36001,ED,16,0.94,57.6,545,34.06,54.21,2021,2020,SEA,2,48,108.8,119.853684210526,-11.0536842105263,SEA,Darrell Taylor,100,2,48,1587774060,SEA,TaylDa00,Darrell Taylor,D.Taylor,2,48,SEA,2134.0,0.111815894,13602.0,0.036527988,0.106199573,171.0,48.0,2.0,38.0,2096.0,0.255130556,0.109333061,1.0
Darrynton Evans,40692,HB,5,0.31,57.8,16,3.2,18.06,2020,2020,TEN,3,93,34.39,149.23875,-114.84875,TEN,Darrynton Evans,100,3,93,1587784980,TEN,EvanDa02,Darrynton Evans,D.Evans,3,93,TEN,556.0,0.113425458,4841.0,0.01300044,0.108463721,48.0,93.0,3.0,2.0,554.0,0.21075,0.113067647,1.0
Davion Taylor,81991,LB,4,0.25,27.4,33,8.25,6.85,2020,2020,PHI,3,103,27.29,105.269411764706,-77.9794117647059,PHI,Davion Taylor,100,3,103,1587786720,PHI,TaylDa01,Davion Taylor,D.Taylor,3,103,PHI,562.0,0.131434477,35223.0,0.094590893,0.058375155,51.0,103.0,3.0,3.0,559.0,0.143133333,0.13137078,1.0
DaVon Hamilton,28072,DI,11,0.69,53.9,408,37.09,37.06,2020,2020,JAX,3,73,161.65,118.013846153846,43.6361538461539,JAX,DaVon Hamilton,100,3,73,1587780600,JAX,HamiDa02,DaVon Hamilton,D.Hamilton,3,73,JAX,754.0,0.0997556,6713.0,0.018027671,0.117975776,58.0,73.0,3.0,5.0,749.0,-0.08555,0.100749196,1.0
Mike Onwenu,27357,OL,16,1.0,84.3,927,57.94,84.3,2020,2020,NE,6,182,245.48,53.2691304347826,192.210869565217,NE,Michael Onwenu,80,6,182,1587844020,NE,OnweMi00,Michael Onwenu,M.Onwenu,6,182,NE,455.0,0.096572321,18402.0,0.049418324,0.096257174,34.0,182.0,6.0,7.0,448.0,0.3167,0.093078231,1.0
DeeJay Dallas,55632,HB,8,0.5,72.1,51,6.38,36.05,2020,2020,SEA,4,144,142.53,133.245263157895,9.28473684210527,SEA,DeeJay Dallas,100,4,144,1587837540,SEA,DallDe00,DeeJay Dallas,D.Dallas,4,144,SEA,1247.0,0.174362582,13602.0,0.036527988,0.106199573,105.0,144.0,4.0,31.0,1216.0,0.135177778,0.175246449,1.0
Denzel Mims,47800,WR,9,0.56,69.4,264,29.33,39.04,2020,2020,NYJ,2,59,105.73,162.511578947368,-56.7815789473684,NYJ,Denzel Mims,100,2,59,1587777240,NYJ,MimsDe00,Denzel Mims,D.Mims,2,59,NYJ,1622.0,0.061157702,14679.0,0.039420257,0.113141363,192.0,59.0,2.0,125.0,1497.0,0.028490244,0.063859852,1.0
Derrek Tuszka,37724,ED,6,0.38,49.2,27,4.5,18.45,2020,2020,DEN,7,254,105.19,58.337,46.853,DEN,Derrek Tuszka,100,7,254,1587855120,DEN,TuszDe00,Derrek Tuszka,D.Tuszka,7,254,DEN,1117.0,0.162059582,10740.0,0.028842126,0.129802805,82.0,254.0,7.0,9.0,1108.0,-0.0945125,0.163937511,1.0
Derrick Brown,43883,DI,16,1.0,61.0,742,46.38,61.0,2020,2020,CAR,1,7,206.01,168.117142857143,37.8928571428571,CAR,Derrick Brown,100,1,7,1587690600,CAR,BrowDe05,Derrick Brown,D.Brown,1,7,CAR,3013.0,0.0831667,6452.0,0.017326759,0.12620506,315.0,7.0,1.0,162.0,2851.0,0.147845963,0.079498732,1.0
Devin Asiasi,40294,TE,9,0.56,51.6,109,12.11,29.03,2020,2020,NE,3,91,50.49,134.018571428571,-83.5285714285714,NE,Devin Asiasi,100,3,91,1587784200,NE,AsiaDe00,Devin Asiasi,D.Asiasi,3,91,NE,1719.0,0.101924176,18402.0,0.049418324,0.096257174,154.0,91.0,3.0,25.0,1694.0,0.159495833,0.101099761,1.0
Devin Duvernay,40006,WR,16,1.0,60.5,202,12.63,60.5,2020,2020,BAL,3,92,168.26,133.187894736842,35.0721052631579,BAL,Devin Duvernay,100,3,92,1587784500,BAL,DuveDe00,Devin Duvernay,D.Duvernay,3,92,BAL,2393.0,0.102018602,12762.0,0.034272179,0.109538109,221.0,92.0,3.0,77.0,2316.0,0.102855263,0.101990762,1.0
Jon Runyan,36661,OL,8,0.5,53.8,160,20.0,26.9,2020,2020,GB,6,192,150.77,53.2691304347826,97.5008695652174,GB,Jon Runyan,100,6,192,1587845880,GB,RunyJo00,Jon Runyan,J.Runyan,6,192,GB,469.0,0.130685153,33965.0,0.091212551,0.104027848,30.0,192.0,6.0,12.0,457.0,0.027309091,0.133229083,1.0
Dezmon Patmon,48329,WR,7,0.41,65.2,29,4.14,26.85,2021,2020,IND,6,212,30.11,67.7133333333333,-37.6033333333333,IND,Dezmon Patmon,100,6,212,1587849300,IND,PatmDe00,Dezmon Patmon,D.Patmon,6,212,IND,526.0,0.118950579,9313.0,0.025009936,0.130396679,39.0,212.0,6.0,3.0,523.0,-0.088866667,0.120161165,1.0
Donovan Peoples-Jones,61439,WR,11,0.69,71.8,138,12.55,49.36,2020,2020,CLV,6,187,168.37,67.7133333333333,100.656666666667,CLV,Donovan Peoples-Jones,100,6,187,1587844800,CLE,PeopDo00,Donovan Peoples-Jones,D.Peoples-Jones,6,187,CLE,789.0,0.165444774,12133.0,0.032583008,0.112528068,71.0,187.0,6.0,2.0,787.0,,0.165444774,1.0
Josh Jones,26634,OL,9,0.56,43.0,54,6.0,24.19,2020,2020,ARI,3,72,126.1,101.723333333333,24.3766666666667,ARI,Josh Jones,100,3,72,1587780120,ARI,JoneJo07,Josh Jones,J.Jones,3,72,ARI,2936.0,0.105459302,5532.0,0.014856112,0.138027594,296.0,72.0,3.0,146.0,2790.0,0.098755172,0.105813178,1.0
Eno Benjamin,57136,HB,8,0.47,62.7,40,5.0,29.51,2021,2020,ARI,7,222,88.97,56.798,32.172,ARI,Eno Benjamin,100,7,222,1587850680,ARI,BenjEn00,Eno Benjamin,E.Benjamin,7,222,ARI,966.0,0.146523449,5532.0,0.014856112,0.138027594,84.0,222.0,7.0,63.0,903.0,0.138455738,0.147076404,1.0
Tremayne Anchrum Jr.,41813,OL,1,0.06,61.1,3,3.0,3.82,2020,2020,LAR,7,250,7.35,55.7338888888889,-48.3838888888889,LAR,Tremayne Anchrum,91,7,250,1587854760,LA,AnchTr00,Tremayne Anchrum,T.Anchrum,7,250,LA,389.0,0.154023377,3476.0,0.009334751,0.13010574,25.0,250.0,7.0,1.0,388.0,0.0,0.154023377,1.0
Ezra Cleveland,41973,OL,9,0.56,66.2,622,69.11,37.24,2020,2020,MIN,2,58,179.34,149.015925925926,30.3240740740741,MIN,Ezra Cleveland,100,2,58,1587776760,MIN,ClevEz00,Ezra Cleveland,E.Cleveland,2,58,MIN,3597.0,0.0861746,21534.0,0.057829268,0.114465213,343.0,58.0,2.0,119.0,3478.0,0.051883929,0.087287482,1.0
Freddie Swain,26448,WR,16,1.0,53.4,241,15.06,53.4,2020,2020,SEA,6,214,118.24,67.7133333333333,50.5266666666667,SEA,Freddie Swain,100,6,214,1587849600,SEA,SwaiFr00,Freddie Swain,F.Swain,6,214,SEA,254.0,0.180505929,13602.0,0.036527988,0.106199573,15.0,214.0,6.0,2.0,252.0,0.0,0.181944223,1.0
Geno Stone,55967,S,1,0.06,60.0,2,2.0,3.75,2020,2020,BAL,7,219,98.67,72.0883333333333,26.5816666666667,HOU,Geno Stone,100,7,219,1587850260,BAL,StonGe00,Geno Stone,G.Stone,7,219,BAL,533.0,0.145074432,12762.0,0.034272179,0.109538109,45.0,219.0,7.0,15.0,518.0,-0.05144,0.150820468,1.0
Grant Delpit,60685,S,15,0.88,63.3,599,39.93,55.85,2021,2020,CLV,2,44,119.45,125.228636363636,-5.77863636363637,CLV,Grant Delpit,100,2,44,1587773160,CLE,DelpGr00,Grant Delpit,G.Delpit,2,44,CLE,1116.0,0.072304265,12133.0,0.032583008,0.112528068,108.0,44.0,2.0,71.0,1045.0,0.001605714,0.077099709,1.0
Hakeem Adeniji,45419,OL,9,0.56,51.6,233,25.89,29.03,2020,2020,CIN,6,180,95.97,53.2691304347826,42.7008695652174,CIN,Hakeem Adeniji,100,6,180,1587843720,CIN,AdenHa00,Hakeem Adeniji,H.Adeniji,6,180,CIN,698.0,0.12822029,6597.0,0.017716155,0.145045598,60.0,180.0,6.0,3.0,695.0,0.0,0.128593023,1.0
Harrison Bryant,26394,TE,15,0.94,60.7,294,19.6,56.91,2020,2020,CLV,4,115,177.2,123.521538461538,53.6784615384615,CLV,Harrison Bryant,100,4,115,1587832260,CLE,BryaHa00,Harrison Bryant,H.Bryant,4,115,CLE,674.0,0.13777988,12133.0,0.032583008,0.112528068,51.0,115.0,4.0,11.0,663.0,0.25549,0.135985518,1.0
Harrison Hand,55576,CB,6,0.38,65.8,163,27.17,24.68,2020,2020,MIN,5,169,44.9,66.1504761904762,-21.2504761904762,MIN,Harrison Hand,100,5,169,1587841980,MIN,HandHa00,Harrison Hand,H.Hand,5,169,MIN,1055.0,0.146913135,21534.0,0.057829268,0.114465213,100.0,169.0,5.0,24.0,1031.0,0.357808696,0.142157647,1.0
Henry Ruggs III,61102,WR,13,0.81,54.0,366,28.15,43.88,2020,2020,LV,1,12,74.1,143.783333333333,-69.6833333333333,LV,Henry Ruggs III,100,1,12,1587692400,LV,RuggHe00,Henry Ruggs III,H.III,1,12,LV,6393.0,0.068693932,11083.0,0.029763248,0.107186085,667.0,12.0,1.0,452.0,5941.0,0.142508204,0.063045775,1.0
Isaiah Coulter,55307,WR,1,0.06,52.3,13,13.0,3.08,2021,2020,HOU,5,171,3.08,122.469333333333,-119.389333333333,CHI,Isaiah Coulter,100,5,171,1587842400,HOU,CoulIs00,Isaiah Coulter,I.Coulter,5,171,HOU,751.0,0.105336658,5066.0,0.013604675,0.09754653,59.0,171.0,5.0,7.0,744.0,0.07915,0.105550136,1.0
Isaiah Hodgins,52130,WR,10,0.59,76.6,277,27.7,45.06,2022,2020,BUF,6,207,45.06,67.7133333333333,-22.6533333333333,NYG,Isaiah Hodgins,100,6,207,1587848400,BUF,HodgIs00,Isaiah Hodgins,I.Hodgins,6,207,BUF,164.0,0.11818239,7532.0,0.020227085,0.117431424,7.0,207.0,6.0,2.0,162.0,0.2202,0.116882803,1.0
Isaiah Rodgers,27069,CB,5,0.31,73.9,51,10.2,23.09,2020,2020,IND,6,211,156.57,49.1672727272727,107.402727272727,IND,Isaiah Rodgers,100,6,211,1587849060,IND,RodgIs00,Isaiah Rodgers,I.Rodgers,6,211,IND,779.0,0.128289535,9313.0,0.025009936,0.130396679,58.0,211.0,6.0,21.0,758.0,0.080328571,0.129627092,1.0
Isaiah Simmons,42451,CB,17,1.0,67.9,897,52.76,67.9,2022,2020,ARI,1,8,178.8,148.671428571429,30.1285714285714,ARI,Isaiah Simmons,100,1,8,1587690900,ARI,SimmIs00,Isaiah Simmons,I.Simmons,1,8,ARI,4716.0,0.086658851,5532.0,0.014856112,0.138027594,512.0,8.0,1.0,452.0,4264.0,0.118255481,0.083324646,1.0
Isaiah Wilson,59704,OL,1,0.06,60.0,3,3.0,3.75,2020,2020,TEN,1,29,3.75,161.561785714286,-157.811785714286,TEN,Isaiah Wilson,100,1,29,1587700080,TEN,WilsIs00,Isaiah Wilson,I.Wilson,1,29,TEN,4927.0,0.105002651,4841.0,0.01300044,0.108463721,563.0,29.0,1.0,69.0,4858.0,0.116262687,0.104845447,1.0
J.K. Dobbins,57366,HB,15,0.94,71.5,152,10.13,67.03,2020,2020,BAL,2,55,102.89,156.463333333333,-53.5733333333333,BAL,J.K. Dobbins,100,2,55,1587776040,BAL,DobbJK00,J.K. Dobbins,J.Dobbins,2,55,BAL,1557.0,0.060415329,12762.0,0.034272179,0.109538109,148.0,55.0,2.0,76.0,1481.0,0.063303947,0.060264653,1.0
Jabari Zuniga,26449,ED,8,0.5,33.0,103,12.88,16.5,2020,2020,NYJ,3,79,29.08,117.721923076923,-88.6419230769231,NYJ,Jabari Zuniga,100,3,79,1587781800,NYJ,ZuniJa00,Jabari Zuniga,J.Zuniga,3,79,NYJ,926.0,0.13307709,14679.0,0.039420257,0.113141363,76.0,79.0,3.0,17.0,909.0,0.02626875,0.134965414,1.0
Jack Driscoll,27064,OL,10,0.63,57.4,300,30.0,35.88,2020,2020,PHI,4,145,105.23,71.4645833333333,33.7654166666667,PHI,Jack Driscoll,100,4,145,1587837960,PHI,DrisJa00,Jack Driscoll,J.Driscoll,4,145,PHI,602.0,0.115320608,35223.0,0.094590893,0.058375155,47.0,145.0,4.0,28.0,574.0,-0.037939286,0.122929255,1.0
Jacob Eason,46444,QB,1,0.06,29.6,5,5.0,1.74,2021,2020,IND,4,122,3.46,39.35375,-35.89375,SEA,Jacob Eason,100,4,122,1587833580,IND,EasoJa00,Jacob Eason,J.Eason,4,122,IND,727.0,0.165708811,9313.0,0.025009936,0.130396679,60.0,122.0,4.0,84.0,643.0,0.159054217,0.166582753,1.0
Jacob Phillips,57942,LB,9,0.56,45.3,169,18.78,25.48,2020,2020,CLV,3,97,55.27,105.269411764706,-49.9994117647059,CLV,Jacob Phillips,100,3,97,1587785640,CLE,PhilJa01,Jacob Phillips,J.Phillips,3,97,CLE,1147.0,0.115206903,12133.0,0.032583008,0.112528068,119.0,97.0,3.0,14.0,1133.0,0.110653846,0.115259893,1.0
Jake Fromm,60389,QB,3,0.18,38.5,73,24.33,6.79,2021,2020,BUF,5,167,6.79,24.465,-17.675,NYG,Jake Fromm,100,5,167,1587841560,BUF,FromJa00,Jake Fromm,J.Fromm,5,167,BUF,1252.0,0.127266748,7532.0,0.020227085,0.117431424,99.0,167.0,5.0,114.0,1138.0,0.159325664,0.124040873,1.0
Jake Hanson,28148,OL,2,0.12,62.8,6,3.0,7.39,2021,2020,GB,6,208,15.72,53.2691304347826,-37.5491304347826,GB,Jake Hanson,100,6,208,1587848460,GB,HansJa00,Jake Hanson,J.Hanson,6,208,GB,577.0,0.147305329,33965.0,0.091212551,0.104027848,44.0,208.0,6.0,4.0,573.0,0.04485,0.148038462,1.0
Jake Luton,17287,QB,3,0.19,39.8,123,41.0,7.46,2020,2020,JAX,6,189,7.46,10.678,-3.218,JAX,Jake Luton,100,6,189,1587845220,JAX,LutoJa00,Jake Luton,J.Luton,6,189,JAX,774.0,0.167076271,6713.0,0.018027671,0.117975776,63.0,189.0,6.0,9.0,765.0,0.051666667,0.16844657,1.0
Jalen Hurts,40291,QB,10,0.63,56.2,197,19.7,35.13,2020,2020,PHI,2,53,182.21,72.215,109.995,PHI,Jalen Hurts,100,2,53,1587775260,PHI,HurtJa00,Jalen Hurts,J.Hurts,2,53,PHI,3568.0,0.004609325,35223.0,0.094590893,0.058375155,388.0,53.0,2.0,329.0,3239.0,-0.200797561,0.025591405,1.0
Jalen Reagor,61697,WR,11,0.69,64.0,321,29.18,44.0,2020,2020,PHI,1,21,156.46,143.783333333333,12.6766666666666,PHI,Jalen Reagor,100,1,21,1587696420,PHI,ReagJa00,Jalen Reagor,J.Reagor,1,21,PHI,4633.0,0.093853219,35223.0,0.094590893,0.058375155,467.0,21.0,1.0,252.0,4381.0,0.175307171,0.089149988,1.0
James Lynch,56962,DI,9,0.56,48.9,59,6.56,27.51,2020,2020,MIN,4,130,121.72,113.889,7.831,MIN,James Lynch,100,4,130,1587835260,MIN,LyncJa00,James Lynch,J.Lynch,4,130,MIN,763.0,0.177306974,21534.0,0.057829268,0.114465213,76.0,130.0,4.0,31.0,732.0,0.377753333,0.169069452,1.0
James Smith-Williams,48455,DI,14,0.88,59.9,100,7.14,52.41,2020,2020,WAS,7,229,148.52,60.8544444444444,87.6655555555555,WAS,James Smith-Williams,100,7,229,1587851760,WAS,SmitJa08,James Smith-Williams,J.Smith-Williams,7,229,WAS,525.0,0.09,7335.0,0.019698044,0.108911643,49.0,229.0,7.0,3.0,522.0,0.0,0.09034749,1.0
Jashon Cornell,28074,DI,1,0.06,57.2,4,4.0,3.36,2021,2020,DET,7,235,3.36,60.8544444444444,-57.4944444444444,DET,Jashon Cornell,100,7,235,1587852660,DET,CornJa01,Jashon Cornell,J.Cornell,7,235,DET,162.0,0.142001852,14503.0,0.038947612,0.124482496,14.0,235.0,7.0,0.0,162.0,0.0,0.142001852,0.0
Jason Huntley,45693,HB,4,0.25,55.1,6,1.5,13.78,2020,2020,DET,5,172,16.86,95.2021052631579,-78.3421052631579,PHI,Jason Huntley,100,5,172,1587842580,DET,HuntJa01,Jason Huntley,J.Huntley,5,172,DET,776.0,0.099013237,14503.0,0.038947612,0.124482496,66.0,172.0,5.0,4.0,772.0,0.1879,0.098779632,1.0
Jason Strowbridge,48547,DI,7,0.44,58.2,55,7.86,25.46,2020,2020,MIA,5,154,25.46,124.801666666667,-99.3416666666667,MIA,Jason Strowbridge,100,5,154,1587839400,MIA,StroJa02,Jason Strowbridge,J.Strowbridge,5,154,MIA,725.0,0.137891136,14079.0,0.037808965,0.123932132,54.0,154.0,5.0,16.0,709.0,0.271026667,0.135066478,1.0
Jauan Jennings,48027,WR,16,0.94,65.8,211,13.19,61.93,2021,2020,SF,7,217,124.33,67.252,57.078,SF,Jauan Jennings,100,7,217,1587850020,SF,JennJa00,Jauan Jennings,J.Jennings,7,217,SF,527.0,0.162696339,16341.0,0.043883536,0.113882776,46.0,217.0,7.0,9.0,518.0,-0.0843875,0.166564579,1.0
Javon Kinlaw,56834,DI,14,0.88,54.1,547,39.07,47.34,2020,2020,SF,1,14,74.55,168.117142857143,-93.5671428571429,SF,Javon Kinlaw,100,1,14,1587693540,SF,KinlJa00,Javon Kinlaw,J.Kinlaw,1,14,SF,3416.0,0.054520118,16341.0,0.043883536,0.113882776,403.0,14.0,1.0,164.0,3252.0,0.112098148,0.051639438,1.0
Jaylinn Hawkins,51423,S,5,0.31,60.0,76,15.2,18.75,2020,2020,ATL,4,134,123.45,109.441904761905,14.0080952380952,ATL,Jaylinn Hawkins,100,4,134,1587835980,ATL,HawkJa00,Jaylinn Hawkins,J.Hawkins,4,134,ATL,293.0,0.097415225,7940.0,0.021322763,0.078852919,37.0,134.0,4.0,3.0,290.0,0.0,0.097753472,1.0
Jaylon Johnson,56259,CB,13,0.81,54.9,867,66.69,44.61,2020,2020,CHI,2,50,141.96,108.398846153846,33.5611538461538,CHI,Jaylon Johnson,100,2,50,1587774540,CHI,JohnJa13,Jaylon Johnson,J.Johnson,2,50,CHI,2975.0,0.118383373,12731.0,0.034188929,0.117120924,230.0,50.0,2.0,88.0,2887.0,0.239926136,0.114642288,1.0
Jedrick Wills Jr.,58467,OL,15,0.94,61.5,957,63.8,57.66,2020,2020,CLV,1,10,171.11,161.561785714286,9.54821428571427,CLV,Jedrick Wills Jr.,100,1,10,1587691620,CLE,WillJe04,Jedrick Wills Jr.,J.Jr.,1,10,CLE,4691.0,0.085409481,12133.0,0.032583008,0.112528068,449.0,10.0,1.0,177.0,4514.0,0.150345143,0.082876889,1.0
Jeff Gladney,50471,CB,16,1.0,50.1,958,59.88,50.1,2020,2020,MIN,1,31,50.1,148.671428571429,-98.5714285714286,MIN,Jeff Gladney,100,1,31,1587614520,MIN,GladJe00,Jeff Gladney,J.Gladney,1,31,MIN,,,,,,,,,,,,,
Jeff Okudah,55674,CB,9,0.56,42.5,460,51.11,23.91,2020,2020,DET,1,3,79.44,148.671428571429,-69.2314285714286,DET,Jeff Okudah,100,1,3,1587688680,DET,OkudJe00,Jeff Okudah,J.Okudah,1,3,DET,4942.0,0.066264659,14503.0,0.038947612,0.124482496,436.0,3.0,1.0,195.0,4747.0,0.086561979,0.06543953,1.0
Jeremy Chinn,43179,S,15,0.94,59.0,967,64.47,55.31,2020,2020,CAR,2,64,158.03,125.228636363636,32.8013636363636,CAR,Jeremy Chinn,100,2,64,1587778680,CAR,ChinJe00,Jeremy Chinn,J.Chinn,2,64,CAR,829.0,0.104123422,6452.0,0.017326759,0.12620506,84.0,64.0,2.0,30.0,799.0,0.05832,0.10585403,1.0
Jerry Jeudy,61103,WR,16,1.0,65.2,545,34.06,65.2,2020,2020,DEN,1,15,174.79,143.783333333333,31.0066666666667,DEN,Jerry Jeudy,100,1,15,1587693840,DEN,JeudJe00,Jerry Jeudy,J.Jeudy,1,15,DEN,5456.0,0.083437783,10740.0,0.028842126,0.129802805,581.0,15.0,1.0,423.0,5033.0,0.112103563,0.081028942,1.0
Joe Burrow,28022,QB,10,0.63,75.1,472,47.2,46.94,2020,2020,CIN,1,1,218.71,160.587333333333,58.1226666666666,CIN,Joe Burrow,100,1,1,1587687900,CIN,BurrJo01,Joe Burrow,J.Burrow,1,1,CIN,3259.0,0.040459622,6597.0,0.017716155,0.145045598,292.0,1.0,1.0,463.0,2796.0,0.092544565,0.031800759,1.0
Joe Reed,40221,WR,5,0.31,58.2,11,2.2,18.19,2020,2020,LAC,5,151,18.19,122.469333333333,-104.279333333333,LAC,Joe Reed,100,5,151,1587838800,LAC,ReedJo03,Joe Reed,J.Reed,5,151,LAC,450.0,0.126452928,7817.0,0.020992448,0.13591072,40.0,151.0,5.0,11.0,439.0,0.1235,0.126520968,1.0
John Hightower,84142,WR,12,0.75,50.5,250,20.83,37.88,2020,2020,PHI,5,168,37.88,122.469333333333,-84.5893333333333,PHI,John Hightower,100,5,168,1587841800,PHI,HighJo00,John Hightower,J.Hightower,5,168,PHI,984.0,0.137723535,35223.0,0.094590893,0.058375155,88.0,168.0,5.0,22.0,962.0,0.000209524,0.140756933,1.0
John Penisini,57037,DI,16,1.0,41.4,576,36.0,41.4,2020,2020,DET,6,197,94.39,94.0264705882353,0.363529411764702,DET,John Penisini,100,6,197,1587846480,DET,PeniJo00,John Penisini,J.Penisini,6,197,DET,452.0,0.150905418,14503.0,0.038947612,0.124482496,28.0,197.0,6.0,13.0,439.0,0.046933333,0.153800232,1.0
John Reid,49381,CB,7,0.44,53.9,145,20.71,23.58,2020,2020,HOU,4,141,53.89,82.3886666666667,-28.4986666666667,HOU,John Reid,100,4,141,1587837060,HOU,ReidJo00,John Reid,J.Reid,4,141,HOU,614.0,0.143171782,5066.0,0.013604675,0.09754653,36.0,141.0,4.0,22.0,592.0,0.061081818,0.146264212,1.0
Thakarius Keyes,43467,CB,4,0.25,39.1,80,20.0,9.78,2020,2020,KC,7,237,14.4,65.7821428571429,-51.3821428571429,KC,Thakarius Keyes,100,7,237,1587852900,KC,KeyeTh00,Thakarius Keyes,T.Keyes,7,237,KC,309.0,0.088148026,6595.0,0.017710784,0.130861524,26.0,237.0,7.0,0.0,309.0,0.0,0.088148026,0.0
John Simpson,41715,OL,5,0.31,45.8,252,50.4,14.31,2020,2020,LV,4,109,77.41,71.4645833333333,5.94541666666667,LV,John Simpson,100,4,109,1587831360,LV,SimpJo00,John Simpson,J.Simpson,4,109,LV,1385.0,0.139155733,11083.0,0.029763248,0.107186085,115.0,109.0,4.0,25.0,1360.0,0.230475,0.137537075,1.0
Jonah Jackson,37070,OL,16,1.0,57.0,1006,62.88,57.0,2020,2020,DET,3,75,172.77,101.723333333333,71.0466666666667,DET,Jonah Jackson,100,3,75,1587780900,DET,JackJo03,Jonah Jackson,J.Jackson,3,75,DET,682.0,0.126433678,14503.0,0.038947612,0.124482496,60.0,75.0,3.0,9.0,673.0,-0.136225,0.129574589,1.0
Jonathan Garvin,56703,ED,7,0.44,53.5,85,12.14,23.41,2020,2020,GB,7,242,115.22,58.337,56.883,GB,Jonathan Garvin,100,7,242,1587853680,GB,GarvJo00,Jonathan Garvin,J.Garvin,7,242,GB,157.0,0.172111039,33965.0,0.091212551,0.104027848,16.0,242.0,7.0,1.0,156.0,0.0,0.167860131,1.0
Stantley Thomas-Oliver III,47981,CB,5,0.31,59.9,74,14.8,18.72,2020,2020,CAR,7,221,35.87,65.7821428571429,-29.9121428571429,CAR,Stantley Thomas-Oliver,92,7,221,1587850560,CAR,ThomSt00,Stantley Thomas-Oliver,S.Thomas-Oliver,7,221,CAR,321.0,0.131752215,6452.0,0.017326759,0.12620506,26.0,221.0,7.0,1.0,320.0,0.0,0.131764127,1.0
Jonathan Greenard,48407,ED,12,0.75,51.9,265,22.08,38.93,2020,2020,HOU,3,90,127.29,117.721923076923,9.56807692307693,HOU,Jonathan Greenard,100,3,90,1587784080,HOU,GreeJo04,Jonathan Greenard,J.Greenard,3,90,HOU,618.0,0.064760884,5066.0,0.013604675,0.09754653,45.0,90.0,3.0,8.0,610.0,0.0293875,0.065230182,1.0
Mike Danna,48415,ED,13,0.81,61.8,334,25.69,50.21,2020,2020,KC,5,177,163.45,72.9830769230769,90.4669230769231,KC,Michael Danna,78,5,177,1587843420,KC,DannMi00,Michael Danna,M.Danna,5,177,KC,457.0,0.112631849,6595.0,0.017710784,0.130861524,39.0,177.0,5.0,3.0,454.0,0.2199,0.111910314,1.0
Jonathan Taylor,57488,HB,15,0.94,83.9,268,17.87,78.66,2020,2020,IND,2,41,209.5,156.463333333333,53.0366666666667,IND,Jonathan Taylor,100,2,41,1587772080,IND,TaylJo02,Jonathan Taylor,J.Taylor,2,41,IND,3186.0,0.119200222,9313.0,0.025009936,0.130396679,259.0,41.0,2.0,181.0,3005.0,0.171611236,0.11606858,1.0
Jordan Elliott,56734,DI,16,1.0,55.3,307,19.19,55.3,2020,2020,CLV,3,88,134.85,118.013846153846,16.8361538461538,CLV,Jordan Elliott,100,3,88,1587783840,CLE,ElliJo02,Jordan Elliott,J.Elliott,3,88,CLE,600.0,0.103978378,12133.0,0.032583008,0.112528068,49.0,88.0,3.0,8.0,592.0,0.262285714,0.102084103,1.0
Broderick Washington,50049,DI,8,0.5,30.2,161,20.13,15.1,2020,2020,BAL,5,170,133.85,124.801666666667,9.04833333333333,BAL,Broderick Washington Jr.,93,5,170,1587842220,BAL,WashBr01,Broderick Washington Jr.,B.Jr.,5,170,BAL,745.0,0.123351153,12762.0,0.034272179,0.109538109,57.0,170.0,5.0,4.0,741.0,0.051225,0.123744748,1.0
Jordan Fuller,45326,S,12,0.75,63.6,708,59.0,47.7,2020,2020,LAR,6,199,128.31,72.1061904761905,56.2038095238095,LAR,Jordan Fuller,100,6,199,1587846780,LA,FullJo01,Jordan Fuller,J.Fuller,6,199,LA,727.0,0.167966527,3476.0,0.009334751,0.13010574,68.0,199.0,6.0,8.0,719.0,0.382928571,0.165847183,1.0
A.J. Terrell,55586,CB,14,0.88,60.8,908,64.86,53.2,2020,2020,ATL,1,16,183.56,148.671428571429,34.8885714285714,ATL,AJ Terrell,95,1,16,1587694380,ATL,TerrAJ00,AJ Terrell,A.Terrell,1,16,ATL,3341.0,0.083404099,7940.0,0.021322763,0.078852919,341.0,16.0,1.0,70.0,3271.0,0.137586957,0.082253401,1.0
CJ Henderson,55593,CB,8,0.5,57.9,474,59.25,28.95,2020,2020,JAX,1,9,117.64,148.671428571429,-31.0314285714286,JAX,C.J. Henderson,88,1,9,1587691380,JAX,HendCJ00,C.J. Henderson,C.Henderson,1,9,JAX,2470.0,0.048636234,6713.0,0.018027671,0.117975776,259.0,9.0,1.0,97.0,2373.0,0.077601053,0.047466808,1.0
Jordan Glasgow,34816,LB,1,0.06,61.4,1,1.0,3.61,2021,2020,IND,6,213,3.61,61.961875,-58.351875,IND,Jordan Glasgow,100,6,213,1587849480,IND,GlasJo00,Jordan Glasgow,J.Glasgow,6,213,IND,333.0,0.124806383,9313.0,0.025009936,0.130396679,25.0,213.0,6.0,4.0,329.0,0.22565,0.123565231,1.0
Jordan Love,40306,QB,4,0.24,36.2,73,18.25,8.52,2021,2020,GB,1,26,27.04,160.587333333333,-133.547333333333,GB,Jordan Love,100,1,26,1587698640,GB,LoveJo03,Jordan Love,J.Love,1,26,GB,6885.0,0.059472831,33965.0,0.091212551,0.104027848,838.0,26.0,1.0,610.0,6275.0,0.482484983,0.018319297,1.0
Jordyn Brooks,50851,LB,14,0.88,47.6,367,26.21,41.65,2020,2020,SEA,1,27,149.74,133.908181818182,15.8318181818182,SEA,Jordyn Brooks,100,1,27,1587699240,SEA,BrooJo01,Jordyn Brooks,J.Brooks,1,27,SEA,4481.0,0.100938475,13602.0,0.036527988,0.106199573,462.0,27.0,1.0,58.0,4423.0,0.127491071,0.100599841,1.0
Josh Metellus,43395,S,5,0.31,43.3,16,3.2,13.53,2020,2020,MIN,6,205,94.14,72.1061904761905,22.0338095238095,MIN,Josh Metellus,100,6,205,1587847980,MIN,MeteJo00,Josh Metellus,J.Metellus,6,205,MIN,491.0,0.175591942,21534.0,0.057829268,0.114465213,36.0,205.0,6.0,6.0,485.0,0.320616667,0.173771548,1.0
Josh Uche,27379,ED,9,0.56,77.6,179,19.89,43.65,2020,2020,NE,2,60,159.96,119.853684210526,40.1063157894737,NE,Josh Uche,100,2,60,1587777420,NE,UcheJo00,Josh Uche,J.Uche,2,60,NE,2793.0,0.084255572,18402.0,0.049418324,0.096257174,266.0,60.0,2.0,121.0,2672.0,0.096791453,0.083703351,1.0
Joshua Kelley,13750,HB,14,0.88,63.1,134,9.57,55.21,2020,2020,LAC,4,112,133.68,133.245263157895,0.434736842105281,LAC,Joshua Kelley,100,4,112,1587831900,LAC,KellJo01,Joshua Kelley,J.Kelley,4,112,LAC,600.0,0.146139562,7817.0,0.020992448,0.13591072,49.0,112.0,4.0,3.0,597.0,0.401133333,0.144845178,1.0
Josiah Deguara,47034,TE,2,0.13,56.6,8,4.0,7.08,2020,2020,GB,3,94,118.87,134.018571428571,-15.1485714285714,GB,Josiah Deguara,100,3,94,1587785100,GB,DeguJo00,Josiah Deguara,J.Deguara,3,94,GB,1531.0,0.115087003,33965.0,0.091212551,0.104027848,160.0,94.0,3.0,14.0,1517.0,0.148585714,0.114773092,1.0
Josiah Scott,55634,CB,6,0.38,46.9,80,13.33,17.59,2020,2020,JAX,4,137,69.13,82.3886666666667,-13.2586666666667,JAX,Josiah Scott,100,4,137,1587836460,JAX,ScotJo00,Josiah Scott,J.Scott,4,137,JAX,893.0,0.136056883,6713.0,0.018027671,0.117975776,76.0,137.0,4.0,11.0,882.0,0.188933333,0.135509885,1.0
Julian Blackmon,49434,S,15,0.94,60.8,916,61.07,57.0,2020,2020,IND,3,85,129.73,132.52,-2.78999999999999,IND,Julian Blackmon,100,3,85,1587782940,IND,BlacJu01,Julian Blackmon,J.Blackmon,3,85,IND,874.0,0.144453341,9313.0,0.025009936,0.130396679,84.0,85.0,3.0,11.0,863.0,0.00649,0.146061305,1.0
Julian Okwara,44152,ED,6,0.38,35.5,69,11.5,13.31,2020,2020,DET,3,67,92.55,117.721923076923,-25.1719230769231,DET,Julian Okwara,100,3,67,1587779220,DET,OkwaJu00,Julian Okwara,J.Okwara,3,67,DET,1125.0,0.117055903,14503.0,0.038947612,0.124482496,108.0,67.0,3.0,39.0,1086.0,0.157991667,0.1156939,1.0
Justin Herbert,28237,QB,15,0.94,79.9,689,45.93,74.91,2020,2020,LAC,1,6,243.51,160.587333333333,82.9226666666667,LAC,Justin Herbert,100,1,6,1587690120,LAC,HerbJu00,Justin Herbert,J.Herbert,1,6,LAC,4667.0,0.08682534,7817.0,0.020992448,0.13591072,485.0,6.0,1.0,430.0,4237.0,0.148356776,0.080562449,1.0
Justin Herron,46271,OL,12,0.75,63.4,352,29.33,47.55,2020,2020,NE,6,195,94.17,53.2691304347826,40.9008695652174,NE,Justin Herron,100,6,195,1587846240,NE,HerrJu00,Justin Herron,J.Herron,6,195,NE,392.0,0.14741658,18402.0,0.049418324,0.096257174,36.0,195.0,6.0,5.0,387.0,0.15416,0.147328084,1.0
Justin Jefferson,61398,WR,16,1.0,90.4,563,35.19,90.4,2020,2020,MIN,1,22,270.9,143.783333333333,127.116666666667,MIN,Justin Jefferson,100,1,22,1587696900,MIN,JeffJu00,Justin Jefferson,J.Jefferson,1,22,MIN,3013.0,0.085388338,21534.0,0.057829268,0.114465213,324.0,22.0,1.0,152.0,2861.0,0.121018667,0.08350247,1.0
Justin Madubuike,44304,DI,10,0.63,72.1,259,25.9,45.06,2020,2020,BAL,3,71,158.6,118.013846153846,40.5861538461538,BAL,Justin Madubuike,100,3,71,1587780000,BAL,MaduJu00,Justin Madubuike,J.Madubuike,3,71,BAL,733.0,0.121264325,12762.0,0.034272179,0.109538109,55.0,71.0,3.0,10.0,723.0,0.137033333,0.121066388,1.0
Justin Strnad,42659,LB,9,0.53,32.0,314,34.89,16.94,2021,2020,DEN,5,178,24.36,70.3724,-46.0124,DEN,Justin Strnad,100,5,178,1587843540,DEN,StrnJu00,Justin Strnad,J.Strnad,5,178,DEN,452.0,0.130693111,10740.0,0.028842126,0.129802805,43.0,178.0,5.0,3.0,449.0,0.4507,0.128545414,1.0
K.J. Hill,28025,WR,11,0.69,55.0,100,9.09,37.81,2020,2020,LAC,7,220,49.63,67.252,-17.622,LAC,K.J. Hill,100,7,220,1587850440,LAC,HillKJ00,K.J. Hill,K.Hill,7,220,LAC,382.0,0.136695733,7817.0,0.020992448,0.13591072,38.0,220.0,7.0,37.0,345.0,-0.004014286,0.151180588,1.0
K.J. Osborn,23503,WR,17,1.0,64.9,536,31.53,64.9,2021,2020,MIN,5,176,130.0,122.469333333333,7.53066666666666,MIN,K.J. Osborn,100,5,176,1587843180,MIN,OsboKJ00,K.J. Osborn,K.Osborn,5,176,MIN,932.0,0.122182595,21534.0,0.057829268,0.114465213,97.0,176.0,5.0,10.0,922.0,0.22015,0.121111913,1.0
K'Lavon Chaisson,57945,ED,16,1.0,49.6,569,35.56,49.6,2020,2020,JAX,1,20,122.73,147.105217391304,-24.3752173913043,JAX,K'Lavon Chaisson,100,1,20,1587696060,JAX,ChaiKL00,K'Lavon Chaisson,K.Chaisson,1,20,JAX,2824.0,0.111454646,6713.0,0.018027671,0.117975776,271.0,20.0,1.0,61.0,2763.0,0.065494828,0.112427518,1.0
K'Von Wallace,42467,S,12,0.75,51.7,203,16.92,38.78,2020,2020,PHI,4,127,110.24,109.441904761905,0.798095238095243,PHI,K'Von Wallace,100,4,127,1587834720,PHI,WallKV00,K'Von Wallace,K.Wallace,4,127,PHI,728.0,0.172530939,35223.0,0.094590893,0.058375155,53.0,127.0,4.0,15.0,713.0,0.167014286,0.172639718,1.0
Kamal Martin,12744,LB,10,0.63,73.3,190,19.0,45.81,2020,2020,GB,5,175,50.43,70.3724,-19.9424,GB,Kamal Martin,100,5,175,1587843000,GB,MartKa01,Kamal Martin,K.Martin,5,175,GB,836.0,0.129400966,33965.0,0.091212551,0.104027848,84.0,175.0,5.0,8.0,828.0,0.136725,0.129329512,1.0
Kamren Curl,55800,S,16,1.0,68.1,763,47.69,68.1,2020,2020,WAS,7,216,191.94,72.0883333333333,119.851666666667,WAS,Kamren Curl,100,7,216,1587849840,WAS,CurlKa00,Kamren Curl,K.Curl,7,216,WAS,346.0,0.161176106,7335.0,0.019698044,0.108911643,22.0,216.0,7.0,1.0,345.0,0.0,0.161652959,1.0
Ke'Shawn Vaughn,45866,HB,7,0.44,59.9,31,4.43,26.21,2020,2020,TB,3,76,68.03,149.23875,-81.20875,TB,Ke'Shawn Vaughn,100,3,76,1587781020,TB,VaugKe00,Ke'Shawn Vaughn,K.Vaughn,3,76,TB,1722.0,0.127150942,5184.0,0.013921562,0.114079188,164.0,76.0,3.0,15.0,1707.0,0.185114286,0.126669062,1.0
Keith Ismael,41878,OL,1,0.06,59.1,4,4.0,3.69,2020,2020,WAS,5,156,38.05,75.922380952381,-37.872380952381,WAS,Keith Ismael,100,5,156,1587839700,WAS,IsmaKe00,Keith Ismael,K.Ismael,5,156,WAS,718.0,0.151754688,7335.0,0.019698044,0.108911643,55.0,156.0,5.0,10.0,708.0,0.048933333,0.153086187,1.0
Kenny Willekes,35624,ED,6,0.35,63.1,202,33.67,22.27,2021,2020,MIN,7,225,22.27,58.337,-36.067,MIN,Kenny Willekes,100,7,225,1587851220,MIN,WillKe06,Kenny Willekes,K.Willekes,7,225,MIN,365.0,0.129237845,21534.0,0.057829268,0.114465213,33.0,225.0,7.0,7.0,358.0,0.10415,0.129660674,1.0
Kevin Dotson,46735,OL,8,0.5,66.2,358,44.75,33.1,2020,2020,PIT,4,135,132.65,71.4645833333333,61.1854166666667,PIT,Kevin Dotson,100,4,135,1587836040,PIT,DotsKe00,Kevin Dotson,K.Dotson,4,135,PIT,987.0,0.129266323,7495.0,0.020127722,0.12302311,94.0,135.0,4.0,14.0,973.0,-0.066683333,0.131718248,1.0
Khaleke Hudson,49073,LB,6,0.38,65.8,53,8.83,24.68,2020,2020,WAS,5,162,53.43,70.3724,-16.9424,WAS,Khaleke Hudson,100,5,162,1587840660,WAS,HudsKh00,Khaleke Hudson,K.Hudson,5,162,WAS,1047.0,0.148202711,7335.0,0.019698044,0.108911643,84.0,162.0,5.0,9.0,1038.0,0.171166667,0.148000879,1.0
Khalid Kareem,42993,ED,16,1.0,59.0,259,16.19,59.0,2020,2020,CIN,5,147,111.03,72.9830769230769,38.0469230769231,CIN,Khalid Kareem,100,5,147,1587838320,CIN,KareKh00,Khalid Kareem,K.Kareem,5,147,CIN,258.0,0.157883268,6597.0,0.017716155,0.145045598,26.0,147.0,5.0,0.0,258.0,0.0,0.157883268,0.0
Khalil Davis,48988,DI,2,0.13,53.1,37,18.5,6.64,2020,2020,TB,6,194,9.96,94.0264705882353,-84.0664705882353,TB,Khalil Davis,100,6,194,1587846120,TB,DaviKh00,Khalil Davis,K.Davis,6,194,TB,372.0,0.147777297,5184.0,0.013921562,0.114079188,32.0,194.0,6.0,2.0,370.0,-0.4404,0.149371274,1.0
Kindle Vildor,49346,CB,5,0.31,48.9,136,27.2,15.28,2020,2020,CHI,5,163,100.97,66.1504761904762,34.8195238095238,CHI,Kindle Vildor,100,5,163,1587840900,CHI,VildKi00,Kindle Vildor,K.Vildor,5,163,CHI,715.0,0.159298161,12731.0,0.034188929,0.117120924,52.0,163.0,5.0,10.0,705.0,-0.0592375,0.161799285,1.0
KJ Hamler,61590,WR,13,0.81,55.9,351,27.0,45.42,2020,2020,DEN,2,46,80.64,162.511578947368,-81.8715789473684,DEN,KJ Hamler,100,2,46,1587773520,DEN,HamlKJ00,KJ Hamler,K.Hamler,2,46,DEN,2863.0,0.114058445,10740.0,0.028842126,0.129802805,220.0,46.0,2.0,71.0,2792.0,-0.003953521,0.117082209,1.0
Kristian Fulton,42894,CB,6,0.38,57.6,203,33.83,21.6,2020,2020,TEN,2,61,113.43,108.398846153846,5.03115384615386,TEN,Kristian Fulton,100,2,61,1587777780,TEN,FultKr00,Kristian Fulton,K.Fulton,2,61,TEN,1322.0,0.074042198,4841.0,0.01300044,0.108463721,125.0,61.0,2.0,53.0,1269.0,0.053611765,0.07487576,1.0
Kyle Dugger,90621,S,14,0.88,64.1,520,37.14,56.09,2020,2020,NE,2,37,188.62,125.228636363636,63.3913636363636,NE,Kyle Dugger,100,2,37,1587771180,NE,DuggKy00,Kyle Dugger,K.Dugger,2,37,NE,972.0,0.106978446,18402.0,0.049418324,0.096257174,85.0,37.0,2.0,22.0,950.0,-0.067852381,0.110867691,1.0
Kyle Hinton,83163,OL,1,0.06,70.1,34,34.0,4.12,2022,2020,MIN,7,253,4.12,55.7338888888889,-51.6138888888889,MIN,Kyle Hinton,100,7,253,1587855060,MIN,HintKy00,Kyle Hinton,K.Hinton,7,253,MIN,158.0,0.175337419,21534.0,0.057829268,0.114465213,13.0,253.0,7.0,0.0,158.0,0.0,0.175337419,0.0
L'Jarius Sneed,40588,CB,9,0.56,72.9,410,45.56,41.01,2020,2020,KC,4,138,173.67,82.3886666666667,91.2813333333333,KC,L'Jarius Sneed,100,4,138,1587836700,KC,SneeLJ00,L'Jarius Sneed,L.Sneed,4,138,KC,377.0,0.135160484,6595.0,0.017710784,0.130861524,28.0,138.0,4.0,1.0,376.0,0.0,0.135524798,1.0
La'Mical Perine,26408,HB,9,0.56,58.0,75,8.33,32.63,2020,2020,NYJ,4,120,42.41,133.245263157895,-90.8352631578947,NYJ,La'Mical Perine,100,4,120,1587833160,NYJ,PeriLa00,La'Mical Perine,L.Perine,4,120,NYJ,403.0,0.098829114,14679.0,0.039420257,0.113141363,37.0,120.0,4.0,5.0,398.0,0.26732,0.096668974,1.0
Lachavious Simmons,20919,OL,2,0.12,30.6,23,11.5,3.6,2021,2020,CHI,7,227,3.6,55.7338888888889,-52.1338888888889,CHI,Lachavious Simmons,100,7,227,1587851460,CHI,SimmLa00,Lachavious Simmons,L.Simmons,7,227,CHI,298.0,0.143561486,12731.0,0.034188929,0.117120924,26.0,227.0,7.0,7.0,291.0,0.349671429,0.138569204,1.0
Larrell Murchison,57004,DI,10,0.63,48.3,136,13.6,30.19,2020,2020,TEN,5,174,95.14,124.801666666667,-29.6616666666667,TEN,Larrell Murchison,100,5,174,1587842880,TEN,MurcLa00,Larrell Murchison,L.Murchison,5,174,TEN,567.0,0.134786738,4841.0,0.01300044,0.108463721,49.0,174.0,5.0,4.0,563.0,0.0,0.135515315,1.0
Laviska Shenault Jr.,61220,WR,14,0.88,71.5,392,28.0,62.56,2020,2020,JAX,2,42,182.51,162.511578947368,19.9984210526316,JAX,Laviska Shenault Jr.,100,2,42,1587772560,JAX,ShenLa00,Laviska Shenault Jr.,L.Jr.,2,42,JAX,1745.0,0.008465643,6713.0,0.018027671,0.117975776,173.0,42.0,2.0,48.0,1697.0,0.019195652,0.008171845,1.0
Leki Fotu,44614,DI,11,0.69,41.0,284,25.82,28.19,2020,2020,ARI,4,114,99.69,113.889,-14.199,ARI,Leki Fotu,100,4,114,1587832200,ARI,FotuLe00,Leki Fotu,L.Fotu,4,114,ARI,219.0,0.178213023,5532.0,0.014856112,0.138027594,21.0,114.0,4.0,5.0,214.0,-0.0433,0.183487143,1.0
Lloyd Cushenberry III,41924,OL,16,1.0,40.5,1076,67.25,40.5,2020,2020,DEN,3,83,127.37,101.723333333333,25.6466666666667,DEN,Lloyd Cushenberry III,100,3,83,1587782640,DEN,CushLl00,Lloyd Cushenberry III,L.III,3,83,DEN,909.0,0.124323145,10740.0,0.028842126,0.129802805,88.0,83.0,3.0,20.0,889.0,0.215525,0.122257418,1.0
Logan Stenberg,37181,OL,2,0.12,55.1,4,2.0,6.48,2021,2020,DET,4,121,15.73,71.4645833333333,-55.7345833333333,DET,Logan Stenberg,100,4,121,1587833280,DET,StenLo00,Logan Stenberg,L.Stenberg,4,121,DET,1089.0,0.165654198,14503.0,0.038947612,0.124482496,74.0,121.0,4.0,14.0,1075.0,0.2205,0.16508558,1.0
Logan Wilson,29623,LB,12,0.75,54.7,343,28.58,41.03,2020,2020,CIN,3,65,146.4,105.269411764706,41.1305882352941,CIN,Logan Wilson,100,3,65,1587778800,CIN,WilsLo00,Logan Wilson,L.Wilson,3,65,CIN,807.0,0.088748371,6597.0,0.017716155,0.145045598,70.0,65.0,3.0,30.0,777.0,0.168748276,0.085731469,1.0
Lucas Niang,47004,OL,11,0.65,64.6,524,47.64,41.8,2021,2020,KC,3,96,52.15,101.723333333333,-49.5733333333333,KC,Lucas Niang,100,3,96,1587785520,KC,NianLu00,Lucas Niang,L.Niang,3,96,KC,705.0,0.11806291,6595.0,0.017710784,0.130861524,52.0,96.0,3.0,19.0,686.0,0.080252632,0.119116276,1.0
Malcolm Perry,46513,WR,8,0.5,57.6,112,14.0,28.8,2020,2020,MIA,7,246,28.8,67.252,-38.452,MIA,Malcolm Perry,100,7,246,1587854100,MIA,PerrMa00,Malcolm Perry,M.Perry,7,246,MIA,157.0,0.109117419,14079.0,0.037808965,0.123932132,15.0,246.0,7.0,3.0,154.0,0.2827,0.105691447,1.0
Malik Harrison,28081,LB,16,1.0,52.8,265,16.56,52.8,2020,2020,BAL,3,98,131.29,105.269411764706,26.0205882352941,BAL,Malik Harrison,100,3,98,1587785880,BAL,HarrMa06,Malik Harrison,M.Harrison,3,98,BAL,254.0,0.131643254,12762.0,0.034272179,0.109538109,25.0,98.0,3.0,8.0,246.0,0.229785714,0.128839184,1.0
Markus Bailey,49681,LB,6,0.38,32.6,44,7.33,12.23,2020,2020,CIN,7,215,92.29,47.888947368421,44.4010526315789,CIN,Markus Bailey,100,7,215,1587849720,CIN,BailMa01,Markus Bailey,M.Bailey,7,215,CIN,1.0,,6597.0,0.017716155,0.145045598,,215.0,7.0,0.0,1.0,0.0,0.0,0.0
Marlon Davidson,48741,DI,8,0.5,58.1,132,16.5,29.05,2020,2020,ATL,2,47,64.7,149.315384615385,-84.6153846153846,ATL,Marlon Davidson,100,2,47,1587773880,ATL,DaviMa01,Marlon Davidson,M.Davidson,2,47,ATL,1383.0,0.093487673,7940.0,0.021322763,0.078852919,122.0,47.0,2.0,19.0,1364.0,0.178441176,0.092421049,1.0
Matt Hennessy,41141,OL,9,0.56,47.0,225,25.0,26.44,2020,2020,ATL,3,78,116.15,101.723333333333,14.4266666666667,ATL,Matt Hennessy,100,3,78,1587780900,ATL,HennMa00,Matt Hennessy,M.Hennessy,3,78,ATL,,,,,,,,,,,,,
Matt Peart,46179,OL,11,0.69,69.7,150,13.64,47.92,2020,2020,NYG,3,99,103.15,101.723333333333,1.42666666666668,NYG,Matt Peart,100,3,99,1587786000,NYG,PearMa00,Matt Peart,M.Peart,3,99,NYG,612.0,0.088096205,12490.0,0.033541727,0.126600401,53.0,99.0,3.0,22.0,590.0,0.162580952,0.085422393,1.0
McTelvin Agim,43069,DI,10,0.63,47.1,141,14.1,29.44,2020,2020,DEN,3,95,47.31,118.013846153846,-70.7038461538461,DEN,McTelvin Agim,100,3,95,1587785400,DEN,AgimMc00,McTelvin Agim,M.Agim,3,95,DEN,604.0,0.113932609,10740.0,0.028842126,0.129802805,41.0,95.0,3.0,7.0,597.0,-0.091242857,0.116362775,1.0
Mekhi Becton,59818,OL,14,0.88,74.4,691,49.36,65.1,2020,2020,NYJ,1,11,69.06,161.561785714286,-92.5017857142857,NYJ,Mekhi Becton,100,1,11,1587692100,NYJ,BectMe00,Mekhi Becton,M.Becton,1,11,NYJ,3320.0,0.061739211,14679.0,0.039420257,0.113141363,375.0,11.0,1.0,216.0,3104.0,0.070057746,0.061164309,1.0
Michael Ojemudia,50327,CB,14,0.88,48.7,852,60.86,42.61,2020,2020,DEN,3,77,58.81,103.0045,-44.1945,DEN,Michael Ojemudia,100,3,77,1587781320,DEN,OjemMi00,Michael Ojemudia,M.Ojemudia,3,77,DEN,2506.0,0.127968737,10740.0,0.028842126,0.129802805,237.0,77.0,3.0,10.0,2496.0,0.134666667,0.127944332,1.0
Michael Pittman Jr.,29049,WR,13,0.81,62.6,385,29.62,50.86,2020,2020,IND,2,34,195.31,162.511578947368,32.7984210526316,IND,Michael Pittman Jr.,100,2,34,1587770340,IND,PittMi01,Michael Pittman Jr.,M.Jr.,2,34,IND,1511.0,0.108947176,9313.0,0.025009936,0.130396679,150.0,34.0,2.0,119.0,1392.0,0.123382203,0.107719106,1.0
Samuel Sloman,44982,K,8,0.5,52.6,39,4.88,26.3,2020,2020,LAR,7,248,26.3,188.606666666667,-162.306666666667,TEN,Sam Sloman,87,7,248,1587854460,LA,SlomSa00,Sam Sloman,S.Sloman,7,248,LA,162.0,0.128430435,3476.0,0.009334751,0.13010574,10.0,248.0,7.0,3.0,159.0,-0.2199,0.135044304,1.0
Mykal Walker,57834,LB,16,1.0,74.0,387,24.19,74.0,2020,2020,ATL,4,119,196.36,124.31,72.05,ATL,Mykal Walker,100,4,119,1587832920,ATL,WalkMy00,Mykal Walker,M.Walker,4,119,ATL,870.0,0.164699073,7940.0,0.021322763,0.078852919,63.0,119.0,4.0,3.0,867.0,0.324966667,0.16414,1.0
Netane Muti,41339,OL,2,0.13,37.1,122,61.0,4.64,2020,2020,DEN,6,181,36.18,53.2691304347826,-17.0891304347826,DEN,Netane Muti,100,6,181,1587843900,DEN,MutiNe00,Netane Muti,N.Muti,6,181,DEN,478.0,0.106621702,10740.0,0.028842126,0.129802805,24.0,181.0,6.0,17.0,461.0,-0.158364706,0.116566004,1.0
Neville Gallimore,28094,DI,14,0.88,52.1,416,29.71,45.59,2020,2020,DAL,3,82,94.63,118.013846153846,-23.3838461538461,DAL,Neville Gallimore,100,3,82,1587782280,DAL,GallNe00,Neville Gallimore,N.Gallimore,3,82,DAL,2023.0,0.121863541,13812.0,0.03709194,0.111480222,175.0,82.0,3.0,40.0,1983.0,0.144735,0.121397964,1.0
Nick Harris,46752,OL,2,0.13,51.3,143,71.5,6.41,2020,2020,CLV,5,160,10.53,75.922380952381,-65.392380952381,CLV,Nick Harris,100,5,160,1587840360,CLE,HarrNi01,Nick Harris,N.Harris,5,160,CLE,597.0,0.084170101,12133.0,0.032583008,0.112528068,37.0,160.0,5.0,5.0,592.0,0.14985,0.083723299,1.0
Noah Igbinoghene,61155,CB,10,0.63,37.1,286,28.6,23.19,2020,2020,MIA,1,30,53.73,148.671428571429,-94.9414285714286,MIA,Noah Igbinoghene,100,1,30,1587700680,MIA,IgbiNo00,Noah Igbinoghene,N.Igbinoghene,1,30,MIA,35196.0,0.160622032,14079.0,0.037808965,0.123932132,3677.0,30.0,1.0,101.0,35095.0,0.217729293,0.160458958,1.0
Patrick Queen,57941,LB,16,1.0,29.7,858,53.63,29.7,2020,2020,BAL,1,28,143.2,133.908181818182,9.29181818181817,BAL,Patrick Queen,100,1,28,1587699720,BAL,QueePa00,Patrick Queen,P.Queen,1,28,BAL,3303.0,0.108882907,12762.0,0.034272179,0.109538109,368.0,28.0,1.0,196.0,3107.0,0.108822564,0.108886718,1.0
Prince Tega Wanogho,44820,OL,2,0.12,58.5,6,3.0,6.88,2021,2020,PHI,6,210,31.02,53.2691304347826,-22.2491304347826,KC,Prince Tega Wanogho,100,6,210,1587848880,PHI,WanoTe00,Prince Tega Wanogho,P.Wanogho,6,210,PHI,707.0,0.098739316,35223.0,0.094590893,0.058375155,65.0,210.0,6.0,32.0,675.0,0.113858065,0.098040835,1.0
Quez Watkins,61664,WR,6,0.38,61.1,83,13.83,22.91,2020,2020,PHI,6,200,148.51,67.7133333333333,80.7966666666667,PHI,Quez Watkins,100,6,200,1587847020,PHI,WatkQu00,Quez Watkins,Q.Watkins,6,200,PHI,926.0,0.143154895,35223.0,0.094590893,0.058375155,74.0,200.0,6.0,18.0,908.0,0.071864706,0.144513565,1.0
Kenny Robinson,60789,S,2,0.13,60.0,6,3.0,7.5,2020,2020,CAR,5,152,32.29,67.2618181818182,-34.9718181818182,CAR,Kenny Robinson Jr.,90,5,152,1587838920,CAR,RobiKe02,Kenny Robinson Jr.,K.Jr.,5,152,CAR,1040.0,0.185240409,6452.0,0.017326759,0.12620506,69.0,152.0,5.0,11.0,1029.0,0.31637,0.183951032,1.0
Quintez Cephus,29614,WR,13,0.81,64.8,231,17.77,52.65,2020,2020,DET,5,166,89.74,122.469333333333,-32.7293333333333,DET,Quintez Cephus,100,5,166,1587841320,DET,CephQu00,Quintez Cephus,Q.Cephus,5,166,DET,1210.0,0.122459144,14503.0,0.038947612,0.124482496,90.0,166.0,5.0,36.0,1174.0,0.01833871,0.125239276,1.0
Raekwon Davis,44582,DI,16,1.0,71.1,538,33.63,71.1,2020,2020,MIA,2,56,142.01,149.315384615385,-7.30538461538464,MIA,Raekwon Davis,100,2,56,1587776220,MIA,DaviRa03,Raekwon Davis,R.Davis,2,56,MIA,3199.0,0.091674835,14079.0,0.037808965,0.123932132,300.0,56.0,2.0,60.0,3139.0,0.02285,0.092998814,1.0
Rashard Lawrence,44515,DI,9,0.56,47.8,166,18.44,26.89,2020,2020,ARI,4,131,86.31,113.889,-27.579,ARI,Rashard Lawrence,100,4,131,1587835440,ARI,LawrRa01,Rashard Lawrence,R.Lawrence,4,131,ARI,460.0,0.159100443,5532.0,0.014856112,0.138027594,36.0,131.0,4.0,7.0,453.0,0.117583333,0.159660225,1.0
Robert Hunt,46139,OL,16,1.0,66.0,722,45.13,66.0,2020,2020,MIA,2,39,207.1,149.015925925926,58.0840740740741,MIA,Robert Hunt,100,2,39,1587771780,MIA,HuntRo01,Robert Hunt,R.Hunt,2,39,MIA,757.0,0.118088282,14079.0,0.037808965,0.123932132,66.0,39.0,2.0,28.0,729.0,0.189992857,0.115303596,1.0
Robert Windsor,28310,DI,2,0.13,36.3,9,4.5,4.54,2020,2020,IND,6,193,4.54,94.0264705882353,-89.4864705882353,IND,Robert Windsor,100,6,193,1587846000,IND,WindRo01,Robert Windsor,R.Windsor,6,193,IND,413.0,0.13749403,9313.0,0.025009936,0.130396679,24.0,193.0,6.0,4.0,409.0,-0.0304,0.138756391,1.0
Ross Blacklock,44526,DI,15,0.94,30.2,254,16.93,28.31,2020,2020,HOU,2,40,99.84,149.315384615385,-49.4753846153846,HOU,Ross Blacklock,100,2,40,1587771900,HOU,BlacRo00,Ross Blacklock,R.Blacklock,2,40,HOU,1134.0,0.096575022,5066.0,0.013604675,0.09754653,83.0,40.0,2.0,46.0,1088.0,0.054497826,0.098375535,1.0
Saahdiq Charles,59820,OL,1,0.06,60.0,2,2.0,3.75,2020,2020,WAS,4,108,50.95,71.4645833333333,-20.5145833333333,WAS,Saahdiq Charles,100,4,108,1587831180,WAS,CharSa00,Saahdiq Charles,S.Charles,4,108,WAS,211.0,0.155312019,7335.0,0.019698044,0.108911643,13.0,108.0,4.0,2.0,209.0,0.5719,0.153299517,1.0
Shane Lemieux,28149,OL,11,0.69,32.2,504,45.82,22.14,2020,2020,NYG,5,150,27.93,75.922380952381,-47.992380952381,NYG,Shane Lemieux,100,5,150,1587838740,NYG,LemiSh00,Shane Lemieux,S.Lemieux,5,150,NYG,229.0,0.134524444,12490.0,0.033541727,0.126600401,13.0,150.0,5.0,2.0,227.0,0.0,0.135125,1.0
Shaquille Quarterman,51048,LB,10,0.59,62.9,144,14.4,37.0,2021,2020,JAX,4,140,47.64,124.31,-76.67,JAX,Shaquille Quarterman,100,4,140,1587836940,JAX,QuarSh00,Shaquille Quarterman,S.Quarterman,4,140,JAX,424.0,0.148373621,6713.0,0.018027671,0.117975776,41.0,140.0,4.0,4.0,420.0,0.296075,0.146943099,1.0
Shaun Bradley,42632,LB,10,0.63,66.9,77,7.7,41.81,2020,2020,PHI,6,196,65.82,61.961875,3.85812500000001,PHI,Shaun Bradley,100,6,196,1587846360,PHI,BradSh00,Shaun Bradley,S.Bradley,6,196,PHI,431.0,0.147308274,35223.0,0.094590893,0.058375155,38.0,196.0,6.0,9.0,422.0,0.25465,0.145239036,1.0
Solomon Kindley,41471,OL,13,0.81,51.3,748,57.54,41.68,2020,2020,MIA,4,111,51.83,71.4645833333333,-19.6345833333333,MIA,Solomon Kindley,100,4,111,1587831840,MIA,KindSo00,Solomon Kindley,S.Kindley,4,111,MIA,202.0,0.116424747,14079.0,0.037808965,0.123932132,14.0,111.0,4.0,2.0,200.0,0.0,0.117612755,1.0
Stephen Sullivan,40411,TE,3,0.18,43.0,29,9.67,7.59,2021,2020,SEA,7,251,49.76,62.88,-13.12,CAR,Stephen Sullivan,100,7,251,1587854940,SEA,SullSt00,Stephen Sullivan,S.Sullivan,7,251,SEA,168.0,0.160912883,13602.0,0.036527988,0.106199573,15.0,251.0,7.0,3.0,165.0,0.54855,0.156097516,1.0
Sterling Hofrichter,33541,P,16,1.0,70.2,56,3.5,70.2,2020,2020,ATL,7,228,77.2,179.62,-102.42,ATL,Sterling Hofrichter,100,7,228,1587851580,ATL,HofrSt00,Sterling Hofrichter,S.Hofrichter,7,228,ATL,490.0,0.133020534,7940.0,0.021322763,0.078852919,43.0,228.0,7.0,3.0,487.0,0.0,0.133845041,1.0
T.J. Brunson,44198,LB,1,0.06,58.5,2,2.0,3.66,2020,2020,NYG,7,238,3.66,47.888947368421,-44.228947368421,NYG,T.J. Brunson,100,7,238,1587853020,NYG,BrunTJ00,T.J. Brunson,T.Brunson,7,238,NYG,291.0,0.174003136,12490.0,0.033541727,0.126600401,22.0,238.0,7.0,7.0,284.0,-0.0327,0.179170714,1.0
Tae Crowder,35774,LB,10,0.63,36.4,403,40.3,22.75,2020,2020,NYG,7,255,72.74,47.888947368421,24.851052631579,NYG,Tae Crowder,100,7,255,1587855600,NYG,CrowTa00,Tae Crowder,T.Crowder,7,255,NYG,18806.0,0.170184281,12490.0,0.033541727,0.126600401,1740.0,255.0,7.0,29.0,18777.0,0.155846154,0.170204714,1.0
Tanner Muse,35997,LB,1,0.06,59.9,1,1.0,3.52,2021,2020,LV,3,100,27.98,105.269411764706,-77.2894117647059,SEA,Tanner Muse,100,3,100,1587786120,LV,MuseTa00,Tanner Muse,T.Muse,3,100,LV,1877.0,0.111040097,11083.0,0.029763248,0.107186085,174.0,100.0,3.0,37.0,1840.0,0.09184,0.111408722,1.0
Tee Higgins,61211,WR,16,1.0,75.9,527,32.94,75.9,2020,2020,CIN,2,33,218.05,162.511578947368,55.5384210526316,CIN,Tee Higgins,100,2,33,1587770160,CIN,HiggTe00,Tee Higgins,T.Higgins,2,33,CIN,789.0,0.057348153,6597.0,0.017716155,0.145045598,74.0,33.0,2.0,106.0,683.0,0.113547619,0.048670294,1.0
Terrell Burgess,45255,S,4,0.25,47.7,49,12.25,11.93,2020,2020,LAR,3,104,44.83,132.52,-87.69,LAR,Terrell Burgess,100,3,104,1587786840,LA,BurgTe00,Terrell Burgess,T.Burgess,3,104,LA,534.0,0.152737051,3476.0,0.009334751,0.13010574,55.0,104.0,3.0,5.0,529.0,-0.0748,0.154470667,1.0
Terrell Lewis,42845,ED,8,0.5,70.4,124,15.5,35.2,2020,2020,LAR,3,84,97.25,117.721923076923,-20.4719230769231,LAR,Terrell Lewis,100,3,84,1587782820,LA,LewiTe00,Terrell Lewis,T.Lewis,3,84,LA,630.0,0.116656619,3476.0,0.009334751,0.13010574,54.0,84.0,3.0,13.0,617.0,0.055661538,0.117948046,1.0
Trevis Gipson,35241,ED,7,0.44,46.6,72,10.29,20.39,2020,2020,CHI,5,155,135.55,72.9830769230769,62.5669230769231,CHI,Trevis Gipson,100,5,155,1587839580,CHI,GipsTr00,Trevis Gipson,T.Gipson,5,155,CHI,471.0,0.087664086,12731.0,0.034188929,0.117120924,34.0,155.0,5.0,6.0,465.0,-0.12055,0.090385839,1.0
Trevon Diggs,41817,CB,12,0.75,62.7,758,63.17,47.03,2020,2020,DAL,2,51,170.02,108.398846153846,61.6211538461539,DAL,Trevon Diggs,100,2,51,1587774960,DAL,DiggTr00,Trevon Diggs,T.Diggs,2,51,DAL,1269.0,0.064117025,13812.0,0.03709194,0.111480222,119.0,51.0,2.0,66.0,1203.0,0.060395385,0.064319966,1.0
Willie Gay,57987,LB,15,0.94,68.1,269,17.93,63.84,2020,2020,KC,2,63,156.38,137.032142857143,19.3478571428572,KC,Willie Gay Jr.,87,2,63,1587778320,KC,GayJWi00,Willie Gay Jr.,W.Jr.,2,63,KC,2859.0,0.083076448,6595.0,0.017710784,0.130861524,271.0,63.0,2.0,114.0,2745.0,0.051387156,0.08434495,1.0
Kenneth Murray Jr.,58099,LB,16,1.0,54.4,959,59.94,54.4,2020,2020,LAC,1,23,124.2,133.908181818182,-9.70818181818181,LAC,Kenneth Murray,90,1,23,1587697200,LAC,MurrKe00,Kenneth Murray,K.Murray,1,23,LAC,4815.0,0.111254046,7817.0,0.020992448,0.13591072,483.0,23.0,1.0,178.0,4637.0,0.140204571,0.110151469,1.0
Tristan Wirfs,64818,OL,16,1.0,81.8,1073,67.06,81.8,2020,2020,TB,1,13,230.48,161.561785714286,68.9182142857142,TB,Tristan Wirfs,100,1,13,1587693000,TB,WirfTr00,Tristan Wirfs,T.Wirfs,1,13,TB,4954.0,0.093290197,5184.0,0.013921562,0.114079188,431.0,13.0,1.0,283.0,4671.0,0.05952305,0.095344639,1.0
Troy Dye,28251,LB,10,0.63,28.8,201,20.1,18.0,2020,2020,MIN,4,132,47.36,124.31,-76.95,MIN,Troy Dye,100,4,132,1587835560,MIN,DyexTr00,Troy Dye,T.Dye,4,132,MIN,435.0,0.159959765,21534.0,0.057829268,0.114465213,27.0,132.0,4.0,18.0,417.0,0.192935294,0.158585784,1.0
Troy Pride Jr.,42883,CB,14,0.88,39.3,529,37.79,34.39,2020,2020,CAR,4,113,34.39,82.3886666666667,-47.9986666666667,CAR,Troy Pride Jr.,100,4,113,1587832080,CAR,PridTr00,Troy Pride Jr.,T.Jr.,4,113,CAR,431.0,0.14847217,6452.0,0.017326759,0.12620506,40.0,113.0,4.0,11.0,420.0,0.33106,0.144061836,1.0
Tua Tagovailoa,60326,QB,10,0.63,65.4,347,34.7,40.88,2020,2020,MIA,1,5,155.74,160.587333333333,-4.84733333333332,MIA,Tua Tagovailoa,100,1,5,1587689700,MIA,TagoTu00,Tua Tagovailoa,T.Tagovailoa,1,5,MIA,4223.0,0.070613194,14079.0,0.037808965,0.123932132,391.0,5.0,1.0,686.0,3537.0,0.101387556,0.064718558,1.0
Tyler Bass,33010,K,16,1.0,67.4,93,5.81,67.4,2020,2020,BUF,6,188,208.29,167.51,40.7778802,BUF,Tyler Bass,100,6,188,1587845040,BUF,BassTy00,Tyler Bass,T.Bass,6,188,BUF,611.0,0.153078275,7532.0,0.020227085,0.117431424,49.0,188.0,6.0,10.0,601.0,0.23457,0.151704047,1.0
Tyler Biadasz,41178,OL,8,0.5,53.5,427,53.38,26.75,2020,2020,DAL,4,146,149.62,71.4645833333333,78.1554166666667,DAL,Tyler Biadasz,100,4,146,1587838140,DAL,BiadTy00,Tyler Biadasz,T.Biadasz,4,146,DAL,839.0,0.113993341,13812.0,0.03709194,0.111480222,77.0,146.0,4.0,38.0,801.0,0.150197368,0.112247462,1.0
Tyler Davis,47743,TE,4,0.25,40.9,26,6.5,10.23,2020,2020,JAX,6,206,101.64,91.7177777777778,9.92222222222222,JAX,Tyler Davis,100,6,206,1587848160,JAX,DaviTy02,Tyler Davis,T.Davis,6,206,JAX,628.0,0.149216963,6713.0,0.018027671,0.117975776,54.0,206.0,6.0,4.0,624.0,0.181725,0.149005528,1.0
Tyler Johnson,48054,WR,14,0.88,58.9,171,12.21,51.54,2020,2020,TB,5,161,106.94,122.469333333333,-15.5293333333333,TB,Tyler Johnson,100,5,161,1587840480,TB,JohnTy00,Tyler Johnson,T.Johnson,5,161,TB,792.0,0.111106107,5184.0,0.013921562,0.114079188,73.0,161.0,5.0,44.0,748.0,0.084709302,0.112633782,1.0
Tyre Phillips,59874,OL,12,0.75,47.1,418,34.83,35.33,2020,2020,BAL,3,106,96.12,101.723333333333,-5.60333333333332,BAL,Tyre Phillips,100,3,106,1587787080,BAL,PhilTy00,Tyre Phillips,T.Phillips,3,106,BAL,16608.0,0.160151867,12762.0,0.034272179,0.109538109,1695.0,106.0,3.0,58.0,16550.0,0.289335714,0.15970829,1.0
Tyrie Cleveland,42134,WR,7,0.44,76.2,33,4.71,33.34,2020,2020,DEN,7,252,60.84,67.252,-6.41199999999999,DEN,Tyrie Cleveland,100,7,252,1587855000,DEN,ClevTy00,Tyrie Cleveland,T.Cleveland,7,252,DEN,167.0,0.070294512,10740.0,0.028842126,0.129802805,17.0,252.0,7.0,6.0,161.0,0.148083333,0.067340506,1.0
Van Jefferson,47447,WR,15,0.94,67.1,159,10.6,62.91,2020,2020,LAR,2,57,166.97,162.511578947368,4.45842105263159,LAR,Van Jefferson,100,2,57,1587776640,LA,JeffVa00,Van Jefferson,V.Jefferson,2,57,LA,839.0,0.051117732,3476.0,0.009334751,0.13010574,82.0,57.0,2.0,40.0,799.0,0.151894872,0.046142658,1.0
Vernon Scott,43076,S,10,0.63,57.4,90,9.0,35.88,2020,2020,GB,7,236,35.88,72.0883333333333,-36.2083333333333,GB,Vernon Scott,100,7,236,1587852720,GB,ScotVe00,Vernon Scott,V.Scott,7,236,GB,482.0,0.1607,33965.0,0.091212551,0.104027848,33.0,236.0,7.0,2.0,480.0,0.0,0.161378059,1.0
Xavier McKinney,55775,S,6,0.38,70.0,211,35.17,26.25,2020,2020,NYG,2,36,132.25,125.228636363636,7.02136363636363,NYG,Xavier McKinney,100,2,36,1587771060,NYG,McKiXa00,Xavier McKinney,X.McKinney,2,36,NYG,718.0,0.082716596,12490.0,0.033541727,0.126600401,72.0,36.0,2.0,26.0,692.0,0.063426923,0.083448759,1.0
Yetur Gross-Matos,56444,ED,12,0.75,54.7,377,31.42,41.03,2020,2020,CAR,2,38,144.77,119.853684210526,24.9163157894737,CAR,Yetur Gross-Matos,100,2,38,1587771300,CAR,GrosYe00,Yetur Gross-Matos,Y.Gross-Matos,2,38,CAR,3504.0,0.044632141,6452.0,0.017326759,0.12620506,317.0,38.0,2.0,14.0,3490.0,0.055576923,0.044590935,1.0
Zack Baun,34632,LB,12,0.75,62.0,82,6.83,46.5,2020,2020,NO,3,74,90.86,105.269411764706,-14.4094117647059,NO,Zack Baun,100,3,74,1587780720,NO,BaunZa00,Zack Baun,Z.Baun,3,74,NO,1074.0,0.088448117,6684.0,0.017949792,0.102622322,111.0,74.0,3.0,78.0,996.0,0.099096154,0.087604065,1.0
Zack Moss,40341,HB,13,0.81,72.3,126,9.69,58.74,2020,2020,BUF,3,86,164.57,149.23875,15.33125,BUF,Zack Moss,100,3,86,1587783120,BUF,MossZa00,Zack Moss,Z.Moss,3,86,BUF,792.0,0.13353798,7532.0,0.020227085,0.117431424,59.0,86.0,3.0,36.0,756.0,0.075680556,0.136330027,1.0
Justin Rohrwasser,1,K,0,0.0,0.0,0,0.0,0.0,2020,2020,NE,5,159,0.0,149.7475,-149.7475,NE,Justin Rohrwasser,100,5,159,1587840300,NE,RohrJu00,Justin Rohrwasser,J.Rohrwasser,5,159,NE,240.0,0.091148117,18402.0,0.049418324,0.096257174,26.0,159.0,5.0,3.0,237.0,0.098666667,0.091052542,1.0
Cameron Clark,2,OL,0,0.0,0.0,0,0.0,0.0,2020,2020,NYJ,4,129,0.0,71.4645833333333,-71.4645833333333,NYJ,Cameron Clark,100,4,129,1587835140,NYJ,ClarCa00,Cameron Clark,C.Clark,4,129,NYJ,399.0,0.181110101,14679.0,0.039420257,0.113141363,22.0,129.0,4.0,4.0,395.0,0.1101,0.181834694,1.0
James Morgan,3,QB,0,0.0,0.0,0,0.0,0.0,2020,2020,NYJ,4,125,0.0,39.35375,-39.35375,NYJ,James Morgan,100,4,125,1587834240,NYJ,MorgJa00,James Morgan,J.Morgan,4,125,NYJ,1277.0,0.149873497,14679.0,0.039420257,0.113141363,100.0,125.0,4.0,30.0,1247.0,0.175110345,0.149280891,1.0
Reggie Robinson II,4,CB,0,0.0,0.0,0,0.0,0.0,2020,2020,DAL,4,123,0.0,82.3886666666667,-82.3886666666667,DAL,Reggie Robinson II,100,4,123,1587833760,DAL,RobiRe00,Reggie Robinson II,R.II,4,123,DAL,897.0,0.159589314,13812.0,0.03709194,0.111480222,76.0,123.0,4.0,13.0,884.0,0.178108333,0.159335918,1.0
Dustin Woodard,5,OL,0,0.0,0.0,0,0.0,0.0,2020,2020,NE,7,230,0.0,55.7338888888889,-55.7338888888889,NE,Dustin Woodard,100,7,230,1587851940,NE,WoodDu01,Dustin Woodard,D.Woodard,7,230,NE,298.0,0.173038832,18402.0,0.049418324,0.096257174,27.0,230.0,7.0,5.0,293.0,-0.10846,0.17796014,1.0
Cole McDonald,6,QB,0,0.0,0.0,0,0.0,0.0,2020,2020,TEN,7,224,0.0,47.22,-47.22,TEN,Cole McDonald,100,7,224,1587851100,TEN,McDoCo00,Cole McDonald,C.McDonald,7,224,TEN,340.0,0.111737202,4841.0,0.01300044,0.108463721,32.0,224.0,7.0,11.0,329.0,-0.05471,0.116842945,1.0
Simon Stepaniak,7,OL,0,0.0,0.0,0,0.0,0.0,2020,2020,GB,6,209,0.0,53.2691304347826,-53.2691304347826,GB,Simon Stepaniak,100,6,209,1587848640,GB,StepSi00,Simon Stepaniak,S.Stepaniak,6,209,GB,779.0,0.123055527,33965.0,0.091212551,0.104027848,67.0,209.0,6.0,6.0,773.0,0.13392,0.122984424,1.0
Evan Weaver,8,LB,0,0.0,0.0,0,0.0,0.0,2020,2020,ARI,6,202,0.0,61.961875,-61.961875,ARI,Evan Weaver,100,6,202,1587847500,ARI,WeavEv00,Evan Weaver,E.Weaver,6,202,ARI,379.0,0.134484759,5532.0,0.014856112,0.138027594,36.0,202.0,6.0,7.0,372.0,-0.076785714,0.138514441,1.0
Tommy Stevens,9,QB,0,0.0,0.0,0,0.0,0.0,2020,2020,NO,7,240,0.0,47.22,-47.22,NO,Tommy Stevens,100,7,240,1587853260,NO,StevTo01,Tommy Stevens,T.Stevens,7,240,NO,498.0,0.123821107,6684.0,0.017949792,0.102622322,38.0,240.0,7.0,4.0,494.0,0.373375,0.121758678,1.0
Nate Stanley,10,QB,0,0.0,0.0,0,0.0,0.0,2020,2020,MIN,7,244,0.0,47.22,-47.22,MIN,Nate Stanley,100,7,244,1587853800,MIN,StanNa00,Nate Stanley,N.Stanley,7,244,MIN,501.0,0.130568163,21534.0,0.057829268,0.114465213,41.0,244.0,7.0,15.0,486.0,0.429492857,0.121776261,1.0
Raymond Calais,11,HB,0,0.0,0.0,0,0.0,0.0,2020,2020,TB,7,245,0.0,56.8,-56.8,TB,Raymond Calais,100,7,245,1587853980,TB,CalaRa00,Raymond Calais,R.Calais,7,245,TB,321.0,0.190217555,5184.0,0.013921562,0.114079188,25.0,245.0,7.0,3.0,318.0,0.4909,0.188320505,1.0
Brian Cole II,13,LB,0,0.0,0.0,0,0.0,0.0,2020,2020,MIN,7,249,0.0,47.888947368421,-47.888947368421,MIN,Brian Cole II,100,7,249,1587854520,MIN,ColeBr01,Brian Cole II,B.II,7,249,MIN,612.0,0.147373841,21534.0,0.057829268,0.114465213,58.0,249.0,7.0,5.0,607.0,0.20695,0.146976667,1.0
